date,BTC,TRX,ADA,LTC,ETH,BNB,XRP,DOGE
2020-12-15,0.3664,0.3572,0.1509,0.1835,0.2637,0.3532,0.427,0.3947
2020-12-16,0.3617,0.3068,0.1473,0.1851,0.2524,0.3363,0.4173,0.3793
2020-12-17,0.3592,0.2567,0.149,0.1798,0.2525,0.3036,0.4282,0.3737
2020-12-18,0.3586,0.2626,0.1524,0.1804,0.2513,0.2554,0.4419,0.3762
2020-12-19,0.3649,0.275,0.161,0.1908,0.2564,0.2612,0.4584,0.3965
2020-12-20,0.3614,0.2834,0.1569,0.1875,0.2519,0.2506,0.462,0.3827
2020-12-21,0.3559,0.2815,0.1557,0.1832,0.2513,0.2419,0.4605,0.3748
2020-12-22,0.3639,0.294,0.1589,0.1864,0.2544,0.2458,0.4605,0.3758
2020-12-23,0.3559,0.2949,0.1515,0.1809,0.2441,0.2475,0.4749,0.3733
2020-12-24,0.3369,0.2967,0.1538,0.1819,0.2387,0.2401,0.471,0.3772
2020-12-25,0.346,0.3008,0.162,0.1942,0.2503,0.2549,0.4826,0.3965
2020-12-26,0.3431,0.305,0.1731,0.2016,0.2506,0.2534,0.4845,0.3999
2020-12-27,0.3424,0.3024,0.1794,0.1976,0.2531,0.244,0.4944,0.3887
2020-12-28,0.338,0.3027,0.1779,0.194,0.2465,0.2407,0.4954,0.3941
2020-12-29,0.3384,0.3001,0.1783,0.1923,0.2502,0.2373,0.5056,0.3955
2020-12-30,0.3405,0.2915,0.1815,0.1917,0.2495,0.2511,0.4965,0.3871
2020-12-31,0.3335,0.2844,0.1747,0.1868,0.2396,0.2432,0.4905,0.3757
2021-01-01,0.3359,0.2879,0.1697,0.187,0.2442,0.2387,0.4884,0.3803
2021-01-02,0.3315,0.2923,0.1727,0.1883,0.2457,0.238,0.4933,0.389
2021-01-03,0.3301,0.294,0.174,0.1849,0.2433,0.2291,0.4915,0.4004
2021-01-04,0.3267,0.2874,0.1697,0.1839,0.2372,0.2333,0.4887,0.3978
2021-01-05,0.3149,0.285,0.1704,0.1894,0.2331,0.2297,0.4899,0.3953
2021-01-06,0.3211,0.284,0.1784,0.1879,0.2395,0.2217,0.4977,0.3983
2021-01-07,0.3265,0.2917,0.1815,0.1864,0.2421,0.2227,0.5057,0.4094
2021-01-08,0.3152,0.2907,0.1881,0.1865,0.2355,0.2221,0.5195,0.4119
2021-01-09,0.3126,0.2915,0.1892,0.1818,0.228,0.2204,0.5069,0.4073
2021-01-10,0.3132,0.2851,0.1866,0.1835,0.2294,0.2257,0.5103,0.4068
2021-01-11,0.3164,0.2855,0.1904,0.1789,0.2338,0.2178,0.5053,0.4043
2021-01-12,0.3226,0.2931,0.1959,0.1902,0.2441,0.2241,0.5134,0.4229
2021-01-13,0.3289,0.2841,0.1938,0.1895,0.2512,0.2147,0.5062,0.4235
2021-01-14,0.3282,0.2764,0.1897,0.1866,0.2504,0.2119,0.503,0.425
2021-01-15,0.3139,0.272,0.1892,0.192,0.2386,0.2066,0.4933,0.4136
2021-01-16,0.3187,0.2668,0.1944,0.1886,0.2503,0.1978,0.5051,0.4075
2021-01-17,0.3017,0.2618,0.1888,0.1838,0.239,0.195,0.504,0.4055
2021-01-18,0.3049,0.2606,0.1872,0.1853,0.2426,0.1892,0.5036,0.4161
2021-01-19,0.3214,0.2712,0.1957,0.188,0.2497,0.1926,0.5031,0.4164
2021-01-20,0.312,0.2613,0.1939,0.1725,0.2399,0.1942,0.4959,0.3997
2021-01-21,0.3155,0.2617,0.2035,0.1784,0.249,0.2046,0.4871,0.3977
2021-01-22,0.2993,0.258,0.202,0.1647,0.2437,0.1927,0.5006,0.3976
2021-01-23,0.2977,0.2589,0.2055,0.1631,0.2494,0.1479,0.5005,0.405
2021-01-24,0.3052,0.2608,0.2039,0.1666,0.25,0.1545,0.5021,0.4011
2021-01-25,0.2959,0.2577,0.2025,0.1633,0.2385,0.1517,0.4918,0.3977
2021-01-26,0.289,0.2556,0.1991,0.1563,0.2436,0.1486,0.4894,0.397
2021-01-27,0.2869,0.2631,0.2007,0.1508,0.2457,0.1522,0.4918,0.4092
2021-01-28,0.2823,0.2532,0.1972,0.1434,0.2374,0.1406,0.503,0.4429
2021-01-29,0.2762,0.253,0.194,0.1413,0.2337,0.1311,0.494,0.4734
2021-01-30,0.281,0.2546,0.1986,0.1468,0.2402,0.1405,0.4901,0.4944
2021-01-31,0.2981,0.2588,0.1971,0.153,0.2497,0.145,0.4946,0.511
2021-02-01,0.3037,0.25,0.2025,0.1625,0.2591,0.1604,0.5134,0.5112
2021-02-02,0.303,0.2471,0.2068,0.1583,0.2592,0.1516,0.5015,0.5113
2021-02-03,0.3033,0.2424,0.2059,0.1561,0.2623,0.1598,0.5009,0.5146
2021-02-04,0.2933,0.2366,0.2066,0.1585,0.2537,0.1529,0.4943,0.5184
2021-02-05,0.2976,0.2425,0.2044,0.1579,0.2549,0.1527,0.4933,0.5247
2021-02-06,0.291,0.2436,0.2074,0.1627,0.2555,0.1554,0.4967,0.5239
2021-02-07,0.2899,0.242,0.2116,0.1633,0.2584,0.1533,0.4986,0.5411
2021-02-08,0.2958,0.2446,0.2098,0.1565,0.2556,0.1483,0.4947,0.5347
2021-02-09,0.3045,0.2444,0.2039,0.1536,0.2525,0.1539,0.4972,0.5274
2021-02-10,0.2959,0.2395,0.2085,0.1517,0.2452,0.1609,0.4902,0.5175
2021-02-11,0.2986,0.2384,0.213,0.157,0.2488,0.1619,0.4872,0.5352
2021-02-12,0.3121,0.2456,0.2132,0.1653,0.2623,0.1727,0.4904,0.5452
2021-02-13,0.3045,0.2436,0.2116,0.1625,0.256,0.1742,0.4935,0.5432
2021-02-14,0.3,0.2395,0.2174,0.1704,0.2534,0.1804,0.4876,0.5528
2021-02-15,0.3046,0.237,0.2158,0.1624,0.2582,0.1745,0.4868,0.5479
2021-02-16,0.3011,0.2388,0.2146,0.1677,0.2599,0.18,0.4868,0.5489
2021-02-17,0.2871,0.2333,0.2098,0.1709,0.256,0.18,0.491,0.56
2021-02-18,0.2865,0.231,0.2013,0.1682,0.256,0.1813,0.4809,0.558
2021-02-19,0.2916,0.2294,0.1989,0.1704,0.2602,0.1992,0.4813,0.5463
2021-02-20,0.3148,0.2398,0.207,0.1782,0.271,0.2119,0.4706,0.5262
2021-02-21,0.3186,0.2387,0.207,0.175,0.2707,0.2165,0.4887,0.5489
2021-02-22,0.3193,0.2425,0.2023,0.1714,0.2654,0.2067,0.4857,0.5675
2021-02-23,0.3239,0.2411,0.2068,0.1791,0.2667,0.2256,0.4872,0.5702
2021-02-24,0.3136,0.2429,0.2073,0.1787,0.2585,0.2218,0.4823,0.5729
2021-02-25,0.3122,0.2462,0.2088,0.1779,0.2571,0.224,0.4786,0.5657
2021-02-26,0.3115,0.252,0.2058,0.1846,0.2556,0.2347,0.4732,0.5481
2021-02-27,0.3165,0.2572,0.2056,0.1966,0.2629,0.2354,0.4762,0.5779
2021-02-28,0.3049,0.2637,0.2027,0.196,0.2523,0.2365,0.4694,0.5945
2021-03-01,0.3098,0.2687,0.202,0.2041,0.2547,0.2368,0.4771,0.5891
2021-03-02,0.3287,0.2727,0.2032,0.206,0.2594,0.2321,0.4813,0.5854
2021-03-03,0.3274,0.2759,0.2009,0.197,0.2568,0.2265,0.479,0.5627
2021-03-04,0.3318,0.2815,0.2064,0.1954,0.2561,0.2319,0.4729,0.5597
2021-03-05,0.3336,0.2771,0.1989,0.1961,0.2507,0.2493,0.4778,0.5738
2021-03-06,0.3186,0.2729,0.1977,0.1956,0.2443,0.2543,0.4706,0.5788
2021-03-07,0.3288,0.2813,0.2011,0.1927,0.2572,0.246,0.4685,0.5744
2021-03-08,0.339,0.287,0.2067,0.1915,0.264,0.2516,0.4732,0.5524
2021-03-09,0.3403,0.2869,0.209,0.1905,0.2591,0.2512,0.4731,0.5676
2021-03-10,0.337,0.2847,0.2043,0.1844,0.2455,0.2468,0.4556,0.5732
2021-03-11,0.3205,0.2803,0.1992,0.1792,0.2379,0.2458,0.4512,0.5556
2021-03-12,0.3254,0.2773,0.2096,0.1887,0.2518,0.2417,0.4585,0.5489
2021-03-13,0.3306,0.2839,0.2117,0.1916,0.2557,0.2406,0.4655,0.5468
2021-03-14,0.3458,0.2894,0.2122,0.1932,0.2651,0.2427,0.4615,0.5451
2021-03-15,0.354,0.2865,0.2126,0.1938,0.2684,0.2565,0.4627,0.5547
2021-03-16,0.3618,0.2963,0.217,0.1985,0.2699,0.2589,0.4653,0.5565
2021-03-17,0.3774,0.2995,0.2182,0.1962,0.2823,0.2637,0.476,0.5604
2021-03-18,0.3544,0.3033,0.2145,0.1878,0.2708,0.2505,0.4599,0.555
2021-03-19,0.3506,0.3107,0.216,0.1871,0.2742,0.237,0.4633,0.5677
2021-03-20,0.361,0.3233,0.2124,0.1865,0.2771,0.232,0.4595,0.5681
2021-03-21,0.3563,0.3187,0.1993,0.1818,0.2659,0.2449,0.4617,0.535
2021-03-22,0.3423,0.3205,0.1947,0.1791,0.2602,0.2481,0.4488,0.52
2021-03-23,0.3409,0.3264,0.1856,0.1816,0.2646,0.2442,0.4642,0.5337
2021-03-24,0.3417,0.331,0.1813,0.1767,0.2631,0.2381,0.4598,0.539
2021-03-25,0.3585,0.3413,0.1776,0.1893,0.2741,0.2509,0.4614,0.5417
2021-03-26,0.3488,0.3414,0.1726,0.1934,0.2682,0.2583,0.4627,0.5571
2021-03-27,0.3448,0.344,0.1737,0.1881,0.274,0.2517,0.4645,0.5599
2021-03-28,0.3485,0.3461,0.1715,0.1884,0.2739,0.2586,0.469,0.5364
2021-03-29,0.3431,0.3401,0.1612,0.1746,0.262,0.2375,0.4721,0.5519
2021-03-30,0.3468,0.3435,0.1589,0.1756,0.2624,0.2389,0.4631,0.5637
2021-03-31,0.3523,0.3432,0.156,0.1723,0.2585,0.2486,0.4529,0.5582
2021-04-01,0.3637,0.342,0.1546,0.1699,0.2572,0.2425,0.4469,0.5557
2021-04-02,0.3521,0.3404,0.1545,0.1676,0.2477,0.2425,0.4538,0.5439
2021-04-03,0.3648,0.3416,0.1623,0.1751,0.2572,0.2416,0.4522,0.5347
2021-04-04,0.3649,0.3353,0.16,0.1727,0.2551,0.2442,0.4525,0.5373
2021-04-05,0.3614,0.3317,0.1602,0.1768,0.2503,0.2433,0.4447,0.5278
2021-04-06,0.3667,0.3275,0.1656,0.179,0.2527,0.2434,0.4479,0.5383
2021-04-07,0.3749,0.3273,0.166,0.1783,0.2561,0.2444,0.4537,0.5338
2021-04-08,0.3781,0.3244,0.1683,0.1811,0.2626,0.245,0.4676,0.5365
2021-04-09,0.3686,0.3263,0.1622,0.1713,0.2518,0.2283,0.4611,0.4965
2021-04-10,0.369,0.3224,0.1604,0.1735,0.2537,0.232,0.4642,0.5081
2021-04-11,0.3641,0.3214,0.1606,0.1751,0.2487,0.2313,0.4584,0.5292
2021-04-12,0.3664,0.3245,0.1637,0.1763,0.2518,0.2327,0.4545,0.5373
2021-04-13,0.3692,0.3273,0.1634,0.181,0.2572,0.238,0.4553,0.5479
2021-04-14,0.3727,0.318,0.1644,0.1783,0.2604,0.2477,0.4617,0.5416
2021-04-15,0.3632,0.3112,0.1618,0.1789,0.2462,0.2468,0.4553,0.545
2021-04-16,0.3742,0.3137,0.1613,0.1757,0.2606,0.2333,0.4653,0.531
2021-04-17,0.3713,0.3178,0.1621,0.1785,0.2627,0.2359,0.4726,0.535
2021-04-18,0.371,0.3193,0.1585,0.1851,0.2622,0.231,0.4811,0.5576
2021-04-19,0.3763,0.3202,0.1569,0.1841,0.2649,0.2329,0.4745,0.5612
2021-04-20,0.3673,0.3227,0.1549,0.1772,0.2624,0.2278,0.4702,0.5469
2021-04-21,0.3723,0.3304,0.1647,0.1766,0.2699,0.2268,0.4644,0.5476
2021-04-22,0.3696,0.3277,0.1561,0.1758,0.2626,0.2303,0.4794,0.5576
2021-04-23,0.3567,0.3219,0.152,0.1736,0.2551,0.2242,0.4718,0.5668
2021-04-24,0.3584,0.3301,0.1532,0.1809,0.2595,0.2352,0.4696,0.5727
2021-04-25,0.3691,0.3356,0.1539,0.1903,0.2657,0.2407,0.4729,0.5746
2021-04-26,0.3707,0.3325,0.1498,0.1871,0.2659,0.2424,0.477,0.5588
2021-04-27,0.3744,0.3347,0.1506,0.1889,0.2732,0.2458,0.4715,0.544
2021-04-28,0.3639,0.3269,0.152,0.1828,0.2727,0.2418,0.473,0.5552
2021-04-29,0.3619,0.3264,0.1546,0.1787,0.2691,0.2317,0.4704,0.5508
2021-04-30,0.3675,0.3277,0.1549,0.1829,0.2726,0.2353,0.4773,0.5511
2021-05-01,0.3734,0.3302,0.1573,0.1777,0.2738,0.2239,0.4694,0.5481
2021-05-02,0.3661,0.3259,0.157,0.1778,0.2708,0.2305,0.4771,0.5595
2021-05-03,0.3827,0.33,0.1607,0.1818,0.2787,0.2298,0.4754,0.5644
2021-05-04,0.3861,0.3282,0.1584,0.1822,0.277,0.2373,0.4811,0.5691
2021-05-05,0.3508,0.3197,0.1509,0.1763,0.2575,0.2323,0.4648,0.5577
2021-05-06,0.3578,0.3255,0.1605,0.182,0.275,0.2228,0.4635,0.5575
2021-05-07,0.3609,0.3315,0.1586,0.1827,0.2764,0.2193,0.4692,0.5468
2021-05-08,0.3635,0.3314,0.1639,0.1884,0.2779,0.2146,0.4731,0.5442
2021-05-09,0.3597,0.3257,0.1662,0.1861,0.2675,0.2235,0.4596,0.5469
2021-05-10,0.3679,0.3167,0.1597,0.1824,0.2663,0.2289,0.4636,0.5477
2021-05-11,0.3862,0.3224,0.1671,0.1926,0.2828,0.2438,0.4697,0.5512
2021-05-12,0.3863,0.3233,0.1671,0.1877,0.278,0.2332,0.4778,0.5361
2021-05-13,0.3928,0.3262,0.1693,0.1879,0.2855,0.2301,0.4729,0.5469
2021-05-14,0.3929,0.3259,0.1652,0.1851,0.2805,0.2315,0.4652,0.5473
2021-05-15,0.3834,0.326,0.166,0.1923,0.2738,0.2361,0.4584,0.5451
2021-05-16,0.3758,0.3251,0.1626,0.1893,0.2722,0.2298,0.4667,0.5433
2021-05-17,0.3615,0.3237,0.1634,0.1906,0.2727,0.2261,0.4671,0.5478
2021-05-18,0.3602,0.3281,0.1676,0.2002,0.2785,0.2243,0.47,0.5562
2021-05-19,0.3665,0.3345,0.1697,0.2042,0.2795,0.2178,0.4632,0.5476
2021-05-20,0.3609,0.3313,0.1717,0.2088,0.2766,0.2286,0.4646,0.5407
2021-05-21,0.3691,0.3361,0.1789,0.2212,0.281,0.2332,0.4651,0.5444
2021-05-22,0.3722,0.3388,0.1852,0.2281,0.2944,0.2462,0.4769,0.5541
2021-05-23,0.368,0.3383,0.1853,0.2211,0.2939,0.2318,0.4747,0.5539
2021-05-24,0.3719,0.3404,0.1831,0.2259,0.2981,0.2467,0.4769,0.5525
2021-05-25,0.3738,0.3427,0.1821,0.2351,0.2949,0.2559,0.4718,0.5378
2021-05-26,0.3741,0.338,0.1788,0.2288,0.2998,0.2523,0.469,0.5327
2021-05-27,0.3646,0.3384,0.1762,0.2314,0.2962,0.2491,0.4585,0.5168
2021-05-28,0.3658,0.3367,0.1725,0.2372,0.2967,0.2457,0.4678,0.5339
2021-05-29,0.3623,0.3363,0.1737,0.2429,0.2947,0.2404,0.4634,0.5448
2021-05-30,0.3669,0.3381,0.1717,0.246,0.2967,0.245,0.4594,0.5376
2021-05-31,0.3771,0.342,0.1798,0.2511,0.3071,0.2486,0.4639,0.5437
2021-06-01,0.3744,0.3413,0.187,0.2487,0.307,0.2512,0.473,0.5412
2021-06-02,0.3777,0.3414,0.1889,0.2459,0.3048,0.2601,0.462,0.5413
2021-06-03,0.368,0.338,0.1805,0.2363,0.2967,0.255,0.4581,0.5349
2021-06-04,0.3551,0.3413,0.1857,0.2451,0.2938,0.2617,0.4538,0.5318
2021-06-05,0.3651,0.3489,0.1902,0.2477,0.3021,0.2566,0.4568,0.5349
2021-06-06,0.3675,0.3498,0.1881,0.2529,0.3028,0.255,0.4562,0.5327
2021-06-07,0.3509,0.3418,0.1848,0.2461,0.2958,0.241,0.454,0.5242
2021-06-08,0.359,0.3443,0.1859,0.2513,0.3,0.2413,0.4516,0.5321
2021-06-09,0.3598,0.3316,0.1778,0.2503,0.2948,0.2436,0.4591,0.5252
2021-06-10,0.3475,0.3221,0.1738,0.2541,0.2888,0.2416,0.4491,0.5096
2021-06-11,0.351,0.3257,0.1766,0.2605,0.2948,0.2467,0.4594,0.5203
2021-06-12,0.3644,0.3309,0.1831,0.2705,0.3092,0.2528,0.4634,0.5289
2021-06-13,0.369,0.3282,0.1838,0.2788,0.3124,0.2787,0.4701,0.5321
2021-06-14,0.36,0.3273,0.1864,0.2832,0.3083,0.2713,0.4645,0.5335
2021-06-15,0.3648,0.3316,0.1887,0.2779,0.317,0.2589,0.4662,0.5402
2021-06-16,0.3616,0.3387,0.1881,0.2779,0.314,0.2541,0.4627,0.5325
2021-06-17,0.3571,0.336,0.1855,0.2767,0.3049,0.2437,0.4601,0.5393
2021-06-18,0.3455,0.3382,0.1784,0.2749,0.3033,0.2365,0.4472,0.5292
2021-06-19,0.3485,0.3398,0.1762,0.2811,0.3095,0.2476,0.4488,0.5226
2021-06-20,0.3552,0.3438,0.1796,0.2835,0.3119,0.2517,0.4466,0.5055
2021-06-21,0.3579,0.3425,0.1714,0.2837,0.3081,0.2505,0.4591,0.508
2021-06-22,0.3534,0.3395,0.1719,0.2829,0.3065,0.2487,0.4521,0.5271
2021-06-23,0.3602,0.3402,0.1718,0.2799,0.3052,0.2537,0.4478,0.5269
2021-06-24,0.365,0.3471,0.1763,0.291,0.3109,0.26,0.4532,0.5312
2021-06-25,0.3591,0.3448,0.1743,0.2771,0.3081,0.2447,0.4569,0.5113
2021-06-26,0.3529,0.3451,0.1749,0.2783,0.3076,0.2477,0.4452,0.5064
2021-06-27,0.3569,0.3384,0.1688,0.275,0.3075,0.2384,0.45,0.5258
2021-06-28,0.3625,0.3385,0.1631,0.2741,0.3049,0.2322,0.4471,0.5281
2021-06-29,0.355,0.3385,0.1548,0.2777,0.2987,0.2352,0.4464,0.5193
2021-06-30,0.3634,0.3379,0.1571,0.2804,0.3072,0.2349,0.4476,0.5178
2021-07-01,0.3501,0.33,0.1552,0.2717,0.3009,0.2232,0.448,0.5072
2021-07-02,0.3547,0.3362,0.1566,0.2751,0.3066,0.2177,0.4452,0.4951
2021-07-03,0.3545,0.3358,0.157,0.2773,0.3072,0.2324,0.4456,0.4971
2021-07-04,0.3375,0.3276,0.1553,0.2761,0.2932,0.238,0.4355,0.5101
2021-07-05,0.3524,0.3299,0.1644,0.2771,0.3082,0.2408,0.4375,0.5157
2021-07-06,0.3588,0.3355,0.1634,0.2741,0.3084,0.2369,0.4431,0.5106
2021-07-07,0.3591,0.3336,0.1636,0.2696,0.3067,0.2307,0.4517,0.5079
2021-07-08,0.3573,0.3337,0.1616,0.2622,0.2975,0.2226,0.4333,0.4994
2021-07-09,0.3449,0.329,0.149,0.2564,0.29,0.2158,0.4303,0.4963
2021-07-10,0.339,0.3318,0.1468,0.2568,0.29,0.2075,0.426,0.4946
2021-07-11,0.3458,0.3373,0.1426,0.2644,0.2967,0.2079,0.4432,0.4944
2021-07-12,0.3552,0.3341,0.141,0.2668,0.2989,0.2052,0.4408,0.4883
2021-07-13,0.3647,0.3355,0.1436,0.2747,0.3044,0.2216,0.4437,0.4779
2021-07-14,0.3616,0.3337,0.1495,0.277,0.2979,0.2246,0.438,0.4673
2021-07-15,0.3702,0.3317,0.1464,0.274,0.3015,0.2194,0.4458,0.4766
2021-07-16,0.359,0.3324,0.1467,0.2848,0.3052,0.228,0.4512,0.4693
2021-07-17,0.3493,0.3332,0.1481,0.2769,0.3019,0.2099,0.4449,0.4883
2021-07-18,0.3563,0.3396,0.1498,0.2806,0.3057,0.2114,0.4364,0.4962
2021-07-19,0.3576,0.3316,0.1394,0.2745,0.2954,0.2105,0.4284,0.4773
2021-07-20,0.3736,0.3325,0.1443,0.2822,0.3045,0.2141,0.4213,0.4814
2021-07-21,0.3626,0.3291,0.1383,0.271,0.2989,0.2078,0.4217,0.4816
2021-07-22,0.3639,0.3319,0.144,0.2725,0.3058,0.2003,0.4241,0.4926
2021-07-23,0.3641,0.3339,0.1441,0.2731,0.3018,0.1999,0.4317,0.4859
2021-07-24,0.3634,0.3359,0.1411,0.2751,0.2968,0.1973,0.4268,0.4719
2021-07-25,0.3614,0.3349,0.142,0.2635,0.2941,0.1926,0.4269,0.4625
2021-07-26,0.3619,0.3346,0.1417,0.261,0.2901,0.1936,0.4207,0.456
2021-07-27,0.3633,0.3247,0.1389,0.2578,0.287,0.1913,0.4304,0.467
2021-07-28,0.3408,0.3183,0.1366,0.2447,0.2732,0.1703,0.4126,0.4658
2021-07-29,0.3443,0.318,0.1371,0.2435,0.277,0.1722,0.4044,0.4587
2021-07-30,0.3634,0.3296,0.1472,0.2524,0.2904,0.1773,0.4041,0.4585
2021-07-31,0.3618,0.3257,0.1445,0.2499,0.2851,0.1816,0.4055,0.4603
2021-08-01,0.352,0.3216,0.1374,0.2514,0.2799,0.184,0.3963,0.4595
2021-08-02,0.3586,0.3296,0.1492,0.2567,0.2907,0.1887,0.4102,0.4551
2021-08-03,0.3471,0.3209,0.1437,0.2613,0.2836,0.1848,0.4155,0.4518
2021-08-04,0.3497,0.3233,0.1446,0.2592,0.2831,0.1758,0.4179,0.4368
2021-08-05,0.3468,0.322,0.1469,0.2537,0.2754,0.172,0.414,0.4392
2021-08-06,0.3461,0.3189,0.1474,0.2493,0.2729,0.1648,0.4154,0.4518
2021-08-07,0.3554,0.3208,0.146,0.2514,0.2751,0.1728,0.4103,0.4455
2021-08-08,0.3494,0.3153,0.143,0.2435,0.2692,0.1747,0.4087,0.4401
2021-08-09,0.3414,0.3151,0.1538,0.2399,0.2712,0.1722,0.4023,0.4416
2021-08-10,0.3451,0.3215,0.146,0.2381,0.2737,0.1682,0.4044,0.4427
2021-08-11,0.3537,0.3173,0.1418,0.2384,0.281,0.1671,0.4057,0.4245
2021-08-12,0.3398,0.3071,0.1339,0.2373,0.2689,0.1771,0.4069,0.4171
2021-08-13,0.3291,0.3124,0.1517,0.2435,0.2661,0.1771,0.4001,0.414
2021-08-14,0.3254,0.3065,0.143,0.2348,0.2695,0.1601,0.405,0.4158
2021-08-15,0.3262,0.306,0.1473,0.2332,0.2716,0.1528,0.4057,0.4093
2021-08-16,0.3313,0.3062,0.1508,0.2277,0.271,0.1451,0.4062,0.4291
2021-08-17,0.3417,0.3075,0.1502,0.2292,0.2718,0.1418,0.399,0.44
2021-08-18,0.3383,0.2998,0.1453,0.2182,0.2668,0.1445,0.3948,0.4251
2021-08-19,0.3457,0.3097,0.1595,0.2198,0.2624,0.1392,0.3865,0.4143
2021-08-20,0.3524,0.311,0.1552,0.2189,0.2616,0.136,0.4035,0.4131
2021-08-21,0.3463,0.31,0.148,0.2212,0.2603,0.1395,0.3934,0.4081
2021-08-22,0.343,0.3076,0.1407,0.2225,0.257,0.1453,0.3883,0.419
2021-08-23,0.3351,0.3132,0.1334,0.2267,0.2532,0.1459,0.385,0.4245
2021-08-24,0.339,0.3219,0.1518,0.2282,0.2627,0.1403,0.3957,0.408
2021-08-25,0.3346,0.3169,0.1521,0.2229,0.2608,0.1396,0.3895,0.3985
2021-08-26,0.3306,0.3099,0.1414,0.2156,0.2566,0.1277,0.384,0.3958
2021-08-27,0.3245,0.3041,0.1383,0.2138,0.2508,0.1299,0.3782,0.4012
2021-08-28,0.3278,0.3036,0.1363,0.2167,0.2505,0.1316,0.3801,0.4031
2021-08-29,0.3327,0.3064,0.1538,0.2164,0.2549,0.1408,0.3753,0.4095
2021-08-30,0.3214,0.2989,0.1475,0.2025,0.2466,0.1269,0.372,0.3974
2021-08-31,0.3249,0.2965,0.1404,0.1991,0.2462,0.1262,0.3597,0.3942
2021-09-01,0.3287,0.2893,0.1404,0.1971,0.2406,0.1246,0.3508,0.3967
2021-09-02,0.3113,0.2819,0.1378,0.2009,0.2268,0.1204,0.3335,0.4045
2021-09-03,0.3111,0.2887,0.1502,0.2065,0.2374,0.1249,0.3282,0.4011
2021-09-04,0.3181,0.3011,0.1695,0.2158,0.2501,0.1236,0.3392,0.3995
2021-09-05,0.3134,0.2922,0.1619,0.2074,0.243,0.1209,0.3439,0.3997
2021-09-06,0.314,0.2904,0.1542,0.199,0.2351,0.118,0.3274,0.3727
2021-09-07,0.3116,0.2872,0.1514,0.1973,0.2353,0.1252,0.33,0.3853
2021-09-08,0.3126,0.2918,0.1611,0.1987,0.2361,0.1197,0.3328,0.3918
2021-09-09,0.3085,0.2909,0.1531,0.2031,0.2358,0.1157,0.3459,0.3929
2021-09-10,0.3097,0.287,0.1488,0.2064,0.2395,0.1147,0.3464,0.3922
2021-09-11,0.3104,0.2916,0.1543,0.2026,0.2432,0.119,0.3416,0.3952
2021-09-12,0.3017,0.2928,0.1572,0.2098,0.2368,0.1204,0.3371,0.3919
2021-09-13,0.2931,0.2843,0.1497,0.1951,0.2266,0.1182,0.3383,0.3881
2021-09-14,0.2628,0.281,0.1469,0.1916,0.2152,0.1126,0.3289,0.3797
2021-09-15,0.2609,0.2832,0.1565,0.183,0.2159,0.1039,0.3296,0.3987
2021-09-16,0.2577,0.2831,0.1468,0.1791,0.213,0.099,0.3211,0.3971
2021-09-17,0.2532,0.2789,0.1392,0.1769,0.2084,0.0992999999999999,0.3227,0.3753
2021-09-18,0.2546,0.2862,0.1702,0.1837,0.216,0.101,0.3154,0.3869
2021-09-19,0.2515,0.2823,0.1606,0.1804,0.2115,0.1014,0.3238,0.3898
2021-09-20,0.255,0.2755,0.1557,0.1828,0.2195,0.0995,0.3286,0.4029
2021-09-21,0.2522,0.2801,0.148,0.1821,0.2177,0.0975,0.3271,0.3984
2021-09-22,0.2458,0.2796,0.1469,0.1872,0.218,0.0991,0.329,0.3937
2021-09-23,0.2515,0.2789,0.1523,0.1907,0.2272,0.1041,0.3342,0.3847
2021-09-24,0.2508,0.283,0.154,0.1952,0.228,0.1043,0.3337,0.3725
2021-09-25,0.2458,0.2775,0.1537,0.1977,0.2258,0.1001,0.344,0.3904
2021-09-26,0.2418,0.2789,0.1602,0.2004,0.2212,0.095,0.34,0.3996
2021-09-27,0.2447,0.2737,0.1505,0.1974,0.2168,0.0985,0.3394,0.3867
2021-09-28,0.2741,0.2877,0.1664,0.2076,0.2365,0.0964,0.34,0.3743
2021-09-29,0.2636,0.2782,0.1682,0.2002,0.2267,0.0990000000000001,0.3441,0.3732
2021-09-30,0.2595,0.269,0.1746,0.194,0.2258,0.0997,0.3303,0.3837
2021-10-01,0.2658,0.2696,0.1703,0.199,0.2313,0.1017,0.3387,0.3896
2021-10-02,0.2484,0.2662,0.165,0.1991,0.2203,0.0973000000000001,0.3362,0.3763
2021-10-03,0.2521,0.2719,0.1666,0.2026,0.2285,0.0969,0.3451,0.3898
2021-10-04,0.2494,0.2746,0.1598,0.204,0.229,0.0944,0.344,0.3942
2021-10-05,0.2414,0.2721,0.1625,0.2016,0.2263,0.0905,0.3429,0.4029
2021-10-06,0.2288,0.2745,0.1555,0.1976,0.2206,0.0879,0.3365,0.3907
2021-10-07,0.2256,0.2735,0.1669,0.1952,0.2189,0.0883,0.3437,0.3857
2021-10-08,0.2102,0.2704,0.1725,0.1914,0.209,0.0848,0.3358,0.3794
2021-10-09,0.2181,0.2734,0.1736,0.1922,0.2185,0.0828,0.336,0.3742
2021-10-10,0.2264,0.2695,0.1666,0.1905,0.2195,0.0843,0.3359,0.3867
2021-10-11,0.2344,0.2603,0.1686,0.1926,0.2176,0.0868000000000001,0.3393,0.3884
2021-10-12,0.232,0.2569,0.172,0.1971,0.2177,0.0896999999999999,0.3331,0.3898
2021-10-13,0.2389,0.2574,0.1741,0.2036,0.2339,0.0859,0.3361,0.3831
2021-10-14,0.2391,0.2634,0.1748,0.2101,0.2407,0.0779,0.3406,0.3855
2021-10-15,0.2418,0.2666,0.1717,0.2168,0.2382,0.0717,0.3464,0.3835
2021-10-16,0.2416,0.2643,0.1736,0.2183,0.237,0.0708,0.3327,0.384
2021-10-17,0.2377,0.2588,0.169,0.2173,0.2336,0.0770999999999999,0.3279,0.3733
2021-10-18,0.2519,0.2738,0.1916,0.2286,0.2438,0.0744999999999999,0.3281,0.3707
2021-10-19,0.262,0.2693,0.1891,0.2344,0.2529,0.0728,0.349,0.3864
2021-10-20,0.2556,0.2654,0.1934,0.2291,0.2566,0.0707000000000001,0.3421,0.3863
2021-10-21,0.2558,0.2642,0.191,0.2275,0.2538,0.0721999999999999,0.3324,0.3949
2021-10-22,0.2601,0.2653,0.1919,0.23,0.2535,0.0671999999999999,0.3358,0.3993
2021-10-23,0.2577,0.2659,0.1957,0.2348,0.2618,0.0658000000000001,0.3408,0.3878
2021-10-24,0.251,0.2681,0.1994,0.2354,0.2599,0.0648,0.3317,0.3788
2021-10-25,0.2546,0.2638,0.1917,0.2386,0.2645,0.0629,0.3337,0.3901
2021-10-26,0.265,0.2638,0.1919,0.2413,0.2654,0.0576,0.3268,0.3964
2021-10-27,0.2743,0.2589,0.1752,0.2418,0.2591,0.0559000000000001,0.3219,0.3859
2021-10-28,0.2702,0.2609,0.1863,0.2458,0.2599,0.0522,0.3138,0.3678
2021-10-29,0.2723,0.2645,0.1896,0.242,0.2658,0.0521,0.3195,0.371
2021-10-30,0.2772,0.2576,0.1794,0.2419,0.2665,0.0508999999999999,0.3103,0.3745
2021-10-31,0.2767,0.2463,0.1711,0.2371,0.2606,0.0482,0.3096,0.3669
2021-11-01,0.2564,0.2321,0.1595,0.228,0.2435,0.0512,0.2992,0.3721
2021-11-02,0.2659,0.2382,0.1693,0.2295,0.2515,0.0547,0.2966,0.3824
2021-11-03,0.2615,0.24,0.1696,0.2271,0.2488,0.0543,0.2955,0.3687
2021-11-04,0.2576,0.2338,0.1723,0.2146,0.2407,0.0482999999999999,0.2941,0.362
2021-11-05,0.2529,0.237,0.1742,0.2164,0.2417,0.0475,0.2814,0.3649
2021-11-06,0.2567,0.2425,0.1706,0.217,0.244,0.0507,0.2732,0.3706
2021-11-07,0.2606,0.2498,0.1801,0.2204,0.2449,0.0524,0.2681,0.3824
2021-11-08,0.2559,0.2527,0.184,0.2225,0.2455,0.0519000000000001,0.2731,0.3797
2021-11-09,0.2715,0.2589,0.1875,0.2243,0.2584,0.0547,0.2718,0.3885
2021-11-10,0.2773,0.2508,0.1729,0.2225,0.2568,0.0586,0.271,0.375
2021-11-11,0.2694,0.2494,0.1681,0.2183,0.2526,0.0565,0.2632,0.3654
2021-11-12,0.2791,0.246,0.1671,0.2187,0.2571,0.0569,0.2735,0.3754
2021-11-13,0.2658,0.2411,0.1659,0.2208,0.2507,0.0515,0.2723,0.3851
2021-11-14,0.2697,0.241,0.1772,0.2241,0.2612,0.0505000000000001,0.28,0.3985
2021-11-15,0.2677,0.2458,0.1774,0.2168,0.2588,0.0488000000000001,0.2747,0.3959
2021-11-16,0.266,0.2378,0.1713,0.2183,0.2558,0.0558999999999999,0.2779,0.3846
2021-11-17,0.2684,0.2449,0.1975,0.2185,0.2543,0.0549000000000001,0.2672,0.3787
2021-11-18,0.2715,0.2442,0.1898,0.2177,0.254,0.0536,0.2794,0.3834
2021-11-19,0.2598,0.2385,0.1809,0.2182,0.253,0.0548000000000001,0.2791,0.3771
2021-11-20,0.2629,0.2463,0.1825,0.2277,0.2614,0.0590999999999999,0.282,0.3803
2021-11-21,0.2522,0.2394,0.1737,0.2244,0.2496,0.0616,0.2788,0.3802
2021-11-22,0.2538,0.2388,0.1803,0.2267,0.2577,0.0645,0.2774,0.3655
2021-11-23,0.2556,0.2386,0.1815,0.2228,0.2579,0.0668,0.2774,0.3498
2021-11-24,0.2631,0.2319,0.1808,0.2181,0.2555,0.0630000000000001,0.288,0.3716
2021-11-25,0.2526,0.227,0.1898,0.215,0.2533,0.0608,0.2849,0.3848
2021-11-26,0.2531,0.2259,0.1785,0.2172,0.2546,0.069,0.2881,0.3837
2021-11-27,0.2725,0.237,0.194,0.2268,0.2707,0.0728,0.3006,0.39
2021-11-28,0.2741,0.2346,0.1956,0.2248,0.2664,0.0770000000000001,0.309,0.3849
2021-11-29,0.2711,0.2276,0.1893,0.2183,0.2607,0.0797,0.2961,0.3924
2021-11-30,0.2582,0.2223,0.1841,0.2175,0.2523,0.0778,0.2945,0.4042
2021-12-01,0.2536,0.2254,0.1914,0.218,0.2505,0.0720999999999999,0.2985,0.4053
2021-12-02,0.2619,0.2166,0.189,0.2235,0.2557,0.0691999999999999,0.3096,0.4032
2021-12-03,0.2661,0.2101,0.1881,0.2273,0.2621,0.0713,0.3104,0.3927
2021-12-04,0.2727,0.2085,0.1971,0.2247,0.2628,0.0769,0.3103,0.4138
2021-12-05,0.2827,0.2118,0.1945,0.2276,0.2608,0.0793999999999999,0.3035,0.4159
2021-12-06,0.287,0.2038,0.185,0.2274,0.2613,0.0828,0.3121,0.4031
2021-12-07,0.2829,0.2074,0.1985,0.2298,0.2634,0.0832000000000001,0.3123,0.4037
2021-12-08,0.2821,0.2138,0.1928,0.2227,0.262,0.0833,0.3094,0.4056
2021-12-09,0.2805,0.2114,0.1848,0.2214,0.2619,0.0831,0.3107,0.4077
2021-12-10,0.2837,0.2107,0.1854,0.223,0.2596,0.0835,0.314,0.4011
2021-12-11,0.2688,0.2128,0.1976,0.2248,0.2538,0.0851999999999999,0.304,0.3972
2021-12-12,0.2768,0.2164,0.2129,0.2356,0.2695,0.0851000000000001,0.3131,0.4018
2021-12-13,0.2703,0.2107,0.1989,0.2302,0.2637,0.0779000000000001,0.3145,0.3923
2021-12-14,0.2665,0.2082,0.1925,0.2311,0.2583,0.0717,0.3166,0.3953
2021-12-15,0.2646,0.2058,0.1916,0.2239,0.2515,0.0708,0.304,0.3976
2021-12-16,0.2637,0.2024,0.1844,0.2162,0.2433,0.0793,0.3008,0.3874
2021-12-17,0.2706,0.2155,0.1993,0.2248,0.2513,0.081,0.3064,0.3813
2021-12-18,0.2683,0.218,0.1974,0.2237,0.2515,0.0821000000000001,0.323,0.3892
2021-12-19,0.2586,0.2151,0.1966,0.2201,0.2498,0.0859000000000001,0.3218,0.3907
2021-12-20,0.2699,0.2213,0.1912,0.2243,0.2544,0.0911,0.3201,0.4005
2021-12-21,0.2792,0.2247,0.1811,0.2294,0.2536,0.0967,0.3192,0.4079
2021-12-22,0.2749,0.2243,0.179,0.2297,0.2569,0.1024,0.3236,0.3933
2021-12-23,0.2842,0.2391,0.1983,0.2396,0.2669,0.1048,0.3281,0.3942
2021-12-24,0.2922,0.2307,0.1941,0.2374,0.2695,0.1016,0.3448,0.4037
2021-12-25,0.2874,0.2301,0.1928,0.2364,0.2644,0.0954999999999999,0.3419,0.3982
2021-12-26,0.2828,0.2246,0.1874,0.2325,0.2589,0.0987,0.3437,0.403
2021-12-27,0.2969,0.2341,0.1998,0.2304,0.2628,0.0968,0.3459,0.4115
2021-12-28,0.2994,0.2414,0.2025,0.229,0.2677,0.0992999999999999,0.3537,0.4144
2021-12-29,0.2977,0.2422,0.2037,0.2201,0.266,0.1014,0.3498,0.4057
2021-12-30,0.3002,0.2425,0.2013,0.2216,0.263,0.1017,0.3544,0.4084
2021-12-31,0.2833,0.2425,0.1968,0.2222,0.2526,0.103,0.3469,0.4093
2022-01-01,0.2977,0.2519,0.2039,0.2297,0.2663,0.1092,0.3472,0.3966
2022-01-02,0.283,0.2549,0.199,0.2285,0.26,0.11,0.3482,0.3961
2022-01-03,0.2904,0.2537,0.2047,0.23,0.2604,0.1063,0.3581,0.4054
2022-01-04,0.2865,0.2562,0.202,0.2295,0.2564,0.1082,0.3495,0.403
2022-01-05,0.2934,0.2571,0.1972,0.233,0.2652,0.1104,0.3589,0.3944
2022-01-06,0.2879,0.2624,0.2106,0.2338,0.268,0.1069,0.3608,0.4011
2022-01-07,0.2948,0.2621,0.2034,0.2384,0.2733,0.1054,0.3705,0.4133
2022-01-08,0.2999,0.2571,0.2035,0.2413,0.2861,0.1064,0.3664,0.424
2022-01-09,0.3022,0.2544,0.2036,0.2342,0.2807,0.111,0.3631,0.4277
2022-01-10,0.2959,0.2548,0.1948,0.227,0.2712,0.1102,0.3592,0.4331
2022-01-11,0.3073,0.2648,0.1938,0.2265,0.273,0.1137,0.3664,0.4342
2022-01-12,0.289,0.2568,0.1925,0.218,0.2632,0.108,0.3624,0.4335
2022-01-13,0.2815,0.2578,0.191,0.2162,0.2601,0.1028,0.3612,0.4403
2022-01-14,0.2805,0.2706,0.1997,0.2225,0.2654,0.1003,0.3612,0.4256
2022-01-15,0.2804,0.2621,0.1923,0.2217,0.2638,0.1069,0.3602,0.4194
2022-01-16,0.2888,0.2678,0.211,0.2313,0.2723,0.1083,0.3509,0.4146
2022-01-17,0.2863,0.2678,0.2083,0.2335,0.2733,0.1143,0.361,0.418
2022-01-18,0.3015,0.2688,0.209,0.243,0.2836,0.1163,0.3703,0.4342
2022-01-19,0.2985,0.2696,0.2029,0.2441,0.2811,0.1157,0.3746,0.4331
2022-01-20,0.2856,0.2657,0.2021,0.2378,0.2707,0.1158,0.3703,0.4234
2022-01-21,0.2939,0.2732,0.2093,0.246,0.2833,0.1199,0.3823,0.4217
2022-01-22,0.302,0.2786,0.2083,0.2493,0.2854,0.1234,0.3792,0.4134
2022-01-23,0.3045,0.2674,0.2068,0.2493,0.2793,0.1221,0.3845,0.4335
2022-01-24,0.2831,0.2598,0.1995,0.2431,0.2686,0.119,0.3701,0.4451
2022-01-25,0.2882,0.2676,0.2083,0.2462,0.2821,0.1237,0.3673,0.4488
2022-01-26,0.2884,0.2701,0.2157,0.2457,0.2875,0.1205,0.3687,0.4467
2022-01-27,0.2801,0.2621,0.2082,0.2381,0.2803,0.1144,0.3699,0.4202
2022-01-28,0.2781,0.2582,0.2077,0.2358,0.2761,0.1167,0.362,0.4233
2022-01-29,0.281,0.2571,0.2061,0.2431,0.2806,0.1203,0.3572,0.4336
2022-01-30,0.2737,0.2606,0.2038,0.2451,0.2718,0.1233,0.3558,0.4438
2022-01-31,0.2891,0.2703,0.2143,0.2538,0.2878,0.1301,0.3702,0.4422
2022-02-01,0.2955,0.2739,0.2217,0.2539,0.2924,0.1328,0.3747,0.4439
2022-02-02,0.2933,0.2696,0.2202,0.2457,0.2867,0.1225,0.3665,0.4448
2022-02-03,0.289,0.2696,0.223,0.2432,0.2798,0.1184,0.3535,0.4396
2022-02-04,0.2761,0.2623,0.2082,0.239,0.2689,0.1169,0.3558,0.432
2022-02-05,0.2692,0.2704,0.2334,0.244,0.2725,0.1199,0.3563,0.4339
2022-02-06,0.277,0.2662,0.2218,0.2435,0.2739,0.1189,0.3597,0.4374
2022-02-07,0.3196,0.2659,0.2138,0.2453,0.2951,0.1185,0.3629,0.4329
2022-02-08,0.3173,0.2608,0.2107,0.2448,0.2928,0.1244,0.3702,0.4356
2022-02-09,0.3105,0.2593,0.2087,0.244,0.2855,0.1243,0.3795,0.4329
2022-02-10,0.3089,0.2586,0.2078,0.2481,0.2956,0.1288,0.3856,0.4436
2022-02-11,0.2988,0.2655,0.2133,0.2512,0.2956,0.1248,0.3835,0.4407
2022-02-12,0.2961,0.2708,0.2157,0.2551,0.2975,0.1206,0.3806,0.4565
2022-02-13,0.3037,0.2758,0.2149,0.259,0.3003,0.123,0.371,0.4594
2022-02-14,0.2971,0.27,0.215,0.2559,0.2928,0.1342,0.3628,0.4471
2022-02-15,0.2898,0.2756,0.2239,0.2609,0.2908,0.141,0.3586,0.4449
2022-02-16,0.3008,0.2741,0.2324,0.2664,0.2993,0.1372,0.3829,0.4518
2022-02-17,0.2883,0.2618,0.2223,0.2599,0.2926,0.1233,0.3777,0.451
2022-02-18,0.2889,0.2633,0.2153,0.2598,0.2872,0.1267,0.3703,0.4372
2022-02-19,0.2773,0.2636,0.2093,0.2588,0.2777,0.1296,0.3655,0.4438
2022-02-20,0.2832,0.2618,0.2157,0.2654,0.2808,0.1369,0.3714,0.4412
2022-02-21,0.2786,0.2671,0.2277,0.2692,0.286,0.1467,0.3642,0.4356
2022-02-22,0.2755,0.2662,0.2208,0.2679,0.289,0.1442,0.361,0.435
2022-02-23,0.2762,0.2653,0.2157,0.2616,0.2871,0.1398,0.3517,0.4446
2022-02-24,0.2868,0.2625,0.1991,0.2664,0.2858,0.1447,0.3469,0.4428
2022-02-25,0.2938,0.2654,0.2042,0.2746,0.2904,0.1502,0.3483,0.4405
2022-02-26,0.2813,0.2683,0.1968,0.2752,0.2887,0.1432,0.349,0.4326
2022-02-27,0.281,0.275,0.1999,0.275,0.2964,0.1441,0.3464,0.427
2022-02-28,0.2723,0.2622,0.1857,0.2699,0.2855,0.1368,0.3458,0.4218
2022-03-01,0.2588,0.2558,0.1771,0.2643,0.2748,0.132,0.3314,0.4162
2022-03-02,0.2684,0.264,0.1904,0.2669,0.2885,0.1416,0.3305,0.4226
2022-03-03,0.2709,0.2684,0.1907,0.2668,0.2855,0.1427,0.3301,0.4223
2022-03-04,0.2602,0.2608,0.1837,0.2642,0.2815,0.1398,0.3337,0.4318
2022-03-05,0.2654,0.2632,0.1854,0.2649,0.2834,0.1362,0.3268,0.4262
2022-03-06,0.2726,0.262,0.171,0.2689,0.2912,0.1428,0.3324,0.4224
2022-03-07,0.2815,0.274,0.1757,0.2771,0.2942,0.1415,0.3329,0.4081
2022-03-08,0.2822,0.2722,0.1634,0.2826,0.2908,0.1369,0.3409,0.4114
2022-03-09,0.2798,0.2666,0.1538,0.2789,0.2857,0.137,0.3378,0.3978
2022-03-10,0.2851,0.2733,0.1578,0.2837,0.284,0.1437,0.3414,0.3995
2022-03-11,0.2849,0.2722,0.138,0.2887,0.2859,0.1443,0.3448,0.3876
2022-03-12,0.2922,0.2754,0.1383,0.2907,0.2997,0.1535,0.3472,0.3855
2022-03-13,0.276,0.2713,0.1347,0.2895,0.294,0.1557,0.342,0.4007
2022-03-14,0.2744,0.2687,0.1327,0.2781,0.29,0.1411,0.3364,0.4066
2022-03-15,0.2748,0.2796,0.1316,0.2774,0.2948,0.1447,0.3362,0.3929
2022-03-16,0.2753,0.2772,0.1282,0.2662,0.2862,0.1445,0.3283,0.3653
2022-03-17,0.2857,0.2938,0.1603,0.2782,0.2968,0.1576,0.3312,0.3645
2022-03-18,0.2834,0.2961,0.1528,0.2777,0.2954,0.1548,0.3395,0.3656
2022-03-19,0.2821,0.2942,0.1496,0.2741,0.2951,0.1497,0.3404,0.3754
2022-03-20,0.2738,0.2955,0.137,0.2791,0.2897,0.1552,0.3442,0.3655
2022-03-21,0.2684,0.3005,0.1419,0.2809,0.2902,0.1529,0.3456,0.3791
2022-03-22,0.2778,0.2959,0.1417,0.2857,0.3036,0.161,0.3458,0.3703
2022-03-23,0.2778,0.2962,0.1315,0.2823,0.2988,0.1575,0.3389,0.3439
2022-03-24,0.2771,0.2819,0.1341,0.2788,0.296,0.1533,0.3485,0.3627
2022-03-25,0.2713,0.2807,0.1304,0.2757,0.2897,0.1541,0.3423,0.3749
2022-03-26,0.2723,0.2847,0.1297,0.2822,0.297,0.1697,0.3384,0.3856
2022-03-27,0.2769,0.2898,0.1375,0.2829,0.2975,0.1678,0.3371,0.3825
2022-03-28,0.2779,0.2895,0.1339,0.2773,0.2927,0.1576,0.3369,0.3815
2022-03-29,0.2929,0.2917,0.1404,0.2808,0.299,0.1619,0.3343,0.3876
2022-03-30,0.2917,0.2899,0.1322,0.2793,0.2948,0.1643,0.3265,0.3863
2022-03-31,0.2701,0.292,0.1324,0.2757,0.285,0.1567,0.3292,0.3839
2022-04-01,0.2824,0.3058,0.1461,0.289,0.3037,0.1626,0.3456,0.3851
2022-04-02,0.2894,0.3063,0.1372,0.2905,0.3091,0.1647,0.3481,0.3653
2022-04-03,0.2841,0.301,0.1325,0.2845,0.3049,0.1626,0.3462,0.3746
2022-04-04,0.2836,0.3046,0.1233,0.2794,0.2961,0.1639,0.3356,0.3765
2022-04-05,0.2856,0.2955,0.1156,0.2775,0.2865,0.168,0.3348,0.3794
2022-04-06,0.2747,0.2993,0.1337,0.2761,0.2862,0.1614,0.3321,0.3763
2022-04-07,0.2707,0.3008,0.1314,0.2697,0.2888,0.1588,0.3306,0.3763
2022-04-08,0.2737,0.302,0.1235,0.2766,0.3004,0.1653,0.3323,0.3806
2022-04-09,0.2801,0.2986,0.1237,0.2754,0.2947,0.1667,0.326,0.3805
2022-04-10,0.2737,0.2985,0.1288,0.2752,0.2837,0.1689,0.3183,0.3825
2022-04-11,0.2748,0.2962,0.1223,0.2782,0.2874,0.1722,0.3279,0.3685
2022-04-12,0.2782,0.2989,0.1264,0.2842,0.2922,0.1755,0.3326,0.3652
2022-04-13,0.2748,0.2919,0.1103,0.2777,0.2846,0.1572,0.3361,0.3696
2022-04-14,0.2756,0.298,0.1081,0.2791,0.2846,0.1526,0.3266,0.3558
2022-04-15,0.2707,0.2906,0.1001,0.2678,0.274,0.1519,0.3133,0.331
2022-04-16,0.2868,0.3044,0.1208,0.2745,0.2768,0.1558,0.3125,0.3372
2022-04-17,0.2884,0.3,0.1187,0.2728,0.2712,0.1574,0.3197,0.3486
2022-04-18,0.2806,0.2977,0.1063,0.266,0.2639,0.1593,0.3079,0.3469
2022-04-19,0.2939,0.3011,0.1011,0.2701,0.2653,0.1659,0.3027,0.3571
2022-04-20,0.2881,0.3027,0.0972999999999999,0.2623,0.2554,0.1601,0.2916,0.3491
2022-04-21,0.2859,0.2969,0.0942999999999999,0.2606,0.2446,0.1628,0.2883,0.3329
2022-04-22,0.267,0.2955,0.0936,0.2564,0.2321,0.1594,0.2751,0.3071
2022-04-23,0.2582,0.2985,0.1057,0.2572,0.2297,0.1512,0.2758,0.3054
2022-04-24,0.2541,0.294,0.0955,0.2482,0.2109,0.1381,0.2657,0.3046
2022-04-25,0.2573,0.2934,0.0857,0.2464,0.2066,0.1331,0.2666,0.2806
2022-04-26,0.2661,0.2917,0.0984999999999999,0.2427,0.2007,0.1223,0.2656,0.2788
2022-04-27,0.2671,0.2861,0.1009,0.2307,0.1914,0.1141,0.2593,0.2818
2022-04-28,0.268,0.2864,0.0931,0.2305,0.1926,0.1098,0.259,0.2655
2022-04-29,0.2658,0.2815,0.0859,0.2304,0.1925,0.1097,0.2587,0.2767
2022-04-30,0.2512,0.284,0.0776,0.2285,0.1897,0.101,0.252,0.2902
2022-05-01,0.2564,0.2912,0.0864,0.2325,0.2014,0.1104,0.2546,0.288
2022-05-02,0.2534,0.2929,0.086,0.2315,0.2022,0.1104,0.2611,0.288
2022-05-03,0.2364,0.2908,0.0938,0.2235,0.1968,0.1039,0.2571,0.2934
2022-05-04,0.2386,0.2995,0.1129,0.2195,0.2007,0.103,0.258,0.2955
2022-05-05,0.2396,0.2918,0.0996,0.2146,0.1978,0.1077,0.2641,0.2955
2022-05-06,0.2445,0.2974,0.108,0.2135,0.2016,0.1058,0.2679,0.2851
2022-05-07,0.2484,0.2986,0.1084,0.2109,0.204,0.112,0.2755,0.296
2022-05-08,0.2628,0.2952,0.106,0.2117,0.2092,0.1218,0.2727,0.3009
2022-05-09,0.2625,0.291,0.1106,0.2096,0.2102,0.1224,0.2687,0.2908
2022-05-10,0.2581,0.2976,0.1111,0.208,0.2079,0.1212,0.2626,0.2835
2022-05-11,0.2608,0.2853,0.1046,0.2081,0.2153,0.1223,0.2745,0.2781
2022-05-12,0.2434,0.2819,0.11,0.2063,0.2105,0.1149,0.2701,0.2849
2022-05-13,0.2481,0.2854,0.1129,0.2047,0.214,0.1085,0.2708,0.2992
2022-05-14,0.2337,0.2888,0.1167,0.206,0.2126,0.1117,0.2624,0.2828
2022-05-15,0.2372,0.2876,0.1212,0.2093,0.2172,0.12,0.2687,0.2859
2022-05-16,0.2396,0.2951,0.14,0.2145,0.223,0.1227,0.2686,0.2948
2022-05-17,0.2317,0.2917,0.1388,0.2146,0.2259,0.1194,0.2743,0.2922
2022-05-18,0.2245,0.2888,0.137,0.2041,0.2236,0.109,0.2758,0.3022
2022-05-19,0.2251,0.285,0.1296,0.1996,0.215,0.1052,0.2785,0.3112
2022-05-20,0.2167,0.2847,0.1225,0.2,0.2128,0.1084,0.2781,0.3149
2022-05-21,0.218,0.2841,0.1247,0.2032,0.2258,0.1192,0.2738,0.3075
2022-05-22,0.2214,0.2849,0.1269,0.2095,0.2325,0.1237,0.2745,0.3027
2022-05-23,0.2238,0.2768,0.1288,0.2092,0.2323,0.1166,0.2789,0.3158
2022-05-24,0.2181,0.2703,0.1278,0.2097,0.2269,0.1189,0.2705,0.3157
2022-05-25,0.2073,0.271,0.1231,0.2053,0.2236,0.1229,0.2636,0.3147
2022-05-26,0.2097,0.2823,0.1441,0.2072,0.2324,0.1225,0.2705,0.3188
2022-05-27,0.1956,0.2762,0.1346,0.2023,0.2236,0.115,0.2818,0.3104
2022-05-28,0.1939,0.2753,0.1423,0.2041,0.2337,0.1185,0.2857,0.3052
2022-05-29,0.1892,0.273,0.1461,0.2012,0.2335,0.1252,0.2862,0.3192
2022-05-30,0.1809,0.2731,0.1379,0.1962,0.2239,0.1119,0.2831,0.329
2022-05-31,0.1869,0.2769,0.1501,0.2077,0.2422,0.1175,0.291,0.3359
2022-06-01,0.185,0.2818,0.1493,0.211,0.2461,0.1137,0.2923,0.3299
2022-06-02,0.1741,0.2706,0.1457,0.202,0.239,0.1027,0.2873,0.3306
2022-06-03,0.1695,0.272,0.1333,0.2045,0.2332,0.0989,0.279,0.3244
2022-06-04,0.166,0.2635,0.133,0.2034,0.2318,0.1002,0.2828,0.3326
2022-06-05,0.1492,0.2659,0.1475,0.2047,0.2252,0.1005,0.2784,0.3366
2022-06-06,0.1556,0.2707,0.1463,0.2064,0.2329,0.1047,0.2785,0.3351
2022-06-07,0.1637,0.2599,0.1269,0.2032,0.2364,0.1053,0.277,0.3409
2022-06-08,0.1711,0.2535,0.1208,0.1989,0.2331,0.1012,0.2653,0.3309
2022-06-09,0.1696,0.2542,0.122,0.1982,0.2289,0.1001,0.256,0.3355
2022-06-10,0.1863,0.2544,0.1218,0.21,0.2459,0.1071,0.2668,0.3415
2022-06-11,0.1791,0.2522,0.1279,0.2079,0.2472,0.1035,0.2659,0.3447
2022-06-12,0.1723,0.2444,0.1244,0.2023,0.236,0.0872000000000001,0.269,0.3515
2022-06-13,0.1751,0.2434,0.117,0.1934,0.2291,0.0765,0.2572,0.345
2022-06-14,0.1804,0.2411,0.1076,0.1906,0.2257,0.0794,0.2517,0.3412
2022-06-15,0.1908,0.2498,0.1199,0.1949,0.2293,0.0827,0.249,0.3309
2022-06-16,0.182,0.243,0.1119,0.1902,0.2185,0.0797,0.2544,0.3286
2022-06-17,0.1766,0.2466,0.1208,0.1924,0.2216,0.0736,0.2513,0.3415
2022-06-18,0.1816,0.2495,0.1081,0.19,0.2216,0.0705,0.245,0.3498
2022-06-19,0.1748,0.2493,0.0993999999999999,0.1904,0.2164,0.0695,0.2438,0.3291
2022-06-20,0.1785,0.2436,0.1015,0.1873,0.2164,0.0740999999999999,0.2471,0.324
2022-06-21,0.1943,0.2434,0.1033,0.193,0.2171,0.0735,0.247,0.3227
2022-06-22,0.1889,0.2315,0.0975,0.1939,0.2154,0.0683999999999999,0.2498,0.3285
2022-06-23,0.1939,0.2326,0.1015,0.1965,0.2146,0.0625,0.254,0.3323
2022-06-24,0.1992,0.233,0.0931,0.202,0.2167,0.0660999999999999,0.2648,0.3309
2022-06-25,0.2135,0.235,0.1077,0.2119,0.2224,0.0664,0.2642,0.3311
2022-06-26,0.2112,0.2248,0.1042,0.2039,0.2136,0.0633999999999999,0.2591,0.3305
2022-06-27,0.2008,0.2229,0.0944,0.199,0.2121,0.0625,0.254,0.3198
2022-06-28,0.2013,0.2208,0.0972,0.205,0.2147,0.0609,0.2558,0.3264
2022-06-29,0.1769,0.2111,0.0881,0.1964,0.2028,0.0644,0.2483,0.3217
2022-06-30,0.1925,0.2187,0.11,0.2083,0.2227,0.0667,0.2649,0.3185
2022-07-01,0.1933,0.2189,0.1111,0.2147,0.2259,0.0683999999999999,0.2688,0.3199
2022-07-02,0.2,0.2126,0.112,0.2106,0.2262,0.0671,0.2662,0.3284
2022-07-03,0.2027,0.2153,0.112,0.211,0.2269,0.0669999999999999,0.2594,0.3406
2022-07-04,0.1999,0.211,0.1122,0.2068,0.2259,0.069,0.2602,0.3333
2022-07-05,0.2062,0.2144,0.1215,0.2092,0.2311,0.0644,0.267,0.3406
2022-07-06,0.2174,0.2174,0.1191,0.2103,0.234,0.0608000000000001,0.2695,0.3399
2022-07-07,0.2264,0.2184,0.1201,0.209,0.2385,0.0602,0.2668,0.3395
2022-07-08,0.217,0.2188,0.1201,0.2106,0.232,0.0637,0.2654,0.3354
2022-07-09,0.2176,0.2262,0.1261,0.2137,0.2331,0.0602,0.2637,0.3348
2022-07-10,0.2286,0.2156,0.1227,0.218,0.2414,0.0558000000000001,0.2768,0.3324
2022-07-11,0.2129,0.2046,0.1132,0.2138,0.2364,0.0474,0.2699,0.3253
2022-07-12,0.2094,0.2005,0.1139,0.2111,0.2392,0.05,0.2617,0.3487
2022-07-13,0.2142,0.2009,0.1196,0.2131,0.2412,0.0485,0.2641,0.3533
2022-07-14,0.2112,0.1944,0.1169,0.2138,0.241,0.0549999999999999,0.2649,0.347
2022-07-15,0.2154,0.2074,0.1441,0.2217,0.247,0.0589000000000001,0.2676,0.3276
2022-07-16,0.2169,0.2108,0.1424,0.2238,0.2541,0.0626,0.2754,0.3447
2022-07-17,0.2266,0.2126,0.1345,0.2232,0.2559,0.0648,0.2678,0.3479
2022-07-18,0.2293,0.2098,0.1211,0.2257,0.2508,0.0655,0.2681,0.3566
2022-07-19,0.2248,0.21,0.1203,0.2283,0.2504,0.0673,0.2703,0.3607
2022-07-20,0.2279,0.2149,0.1346,0.2252,0.2578,0.0662,0.272,0.3515
2022-07-21,0.224,0.213,0.1349,0.2241,0.2564,0.0623,0.2747,0.341
2022-07-22,0.2194,0.2054,0.1294,0.2196,0.251,0.0526,0.2827,0.3438
2022-07-23,0.2132,0.2011,0.1358,0.216,0.2463,0.0514,0.2783,0.3584
2022-07-24,0.2271,0.2028,0.138,0.2184,0.2551,0.0579999999999999,0.2796,0.3658
2022-07-25,0.2317,0.2049,0.1467,0.2239,0.2658,0.0598,0.2809,0.3703
2022-07-26,0.2291,0.2038,0.1517,0.2217,0.2663,0.0595,0.2861,0.3635
2022-07-27,0.2351,0.2083,0.1574,0.2239,0.2728,0.0592,0.2863,0.3641
2022-07-28,0.2391,0.2069,0.1499,0.2261,0.2716,0.0566,0.2902,0.3501
2022-07-29,0.2302,0.2091,0.1413,0.2275,0.2621,0.0548999999999999,0.288,0.3556
2022-07-30,0.2306,0.2143,0.1504,0.2399,0.2721,0.0536,0.2926,0.3601
2022-07-31,0.2323,0.2187,0.1656,0.2459,0.2803,0.0538000000000001,0.2952,0.3689
2022-08-01,0.2369,0.211,0.1681,0.2425,0.2825,0.0541,0.2986,0.3749
2022-08-02,0.2445,0.2112,0.1666,0.2381,0.2853,0.0544,0.2909,0.3568
2022-08-03,0.2427,0.2024,0.1567,0.2281,0.2786,0.0571999999999999,0.2909,0.3641
2022-08-04,0.2338,0.2023,0.1693,0.2292,0.2756,0.0525,0.2926,0.3817
2022-08-05,0.2306,0.2095,0.1634,0.229,0.2779,0.0517,0.2954,0.3818
2022-08-06,0.2322,0.2127,0.1614,0.231,0.2841,0.0544,0.2984,0.3765
2022-08-07,0.2358,0.2146,0.1638,0.2317,0.2799,0.0614,0.2993,0.3798
2022-08-08,0.2382,0.2252,0.1623,0.2331,0.2736,0.0663,0.2953,0.378
2022-08-09,0.2483,0.2262,0.1642,0.2413,0.2819,0.0679,0.3013,0.3854
2022-08-10,0.2315,0.2268,0.1598,0.2356,0.2744,0.0611999999999999,0.2972,0.3671
2022-08-11,0.2347,0.2321,0.1676,0.239,0.2784,0.0558999999999999,0.3112,0.3912
2022-08-12,0.243,0.2303,0.1587,0.2416,0.2783,0.0534,0.3023,0.3887
2022-08-13,0.2443,0.2345,0.1553,0.2385,0.2751,0.0622,0.2923,0.3716
2022-08-14,0.2562,0.2436,0.169,0.2436,0.2789,0.0662,0.3002,0.383
2022-08-15,0.2604,0.238,0.1742,0.2404,0.2764,0.0665,0.3148,0.3912
2022-08-16,0.2541,0.2328,0.1741,0.2367,0.2784,0.0689,0.317,0.3935
2022-08-17,0.254,0.2357,0.1729,0.2295,0.2776,0.0679999999999999,0.316,0.3891
2022-08-18,0.2438,0.2399,0.1693,0.23,0.2732,0.0664,0.3166,0.3901
2022-08-19,0.2508,0.2414,0.1712,0.234,0.2776,0.0689,0.3092,0.3816
2022-08-20,0.2526,0.2398,0.1802,0.2423,0.2804,0.0740000000000001,0.3058,0.3824
2022-08-21,0.2349,0.2351,0.1749,0.2434,0.2787,0.0718000000000001,0.302,0.3931
2022-08-22,0.2394,0.2467,0.1842,0.2466,0.2848,0.0673,0.3011,0.4082
2022-08-23,0.2425,0.2476,0.1656,0.2481,0.284,0.0672,0.3066,0.3938
2022-08-24,0.255,0.2516,0.1769,0.2491,0.2903,0.0646,0.3108,0.3826
2022-08-25,0.2548,0.2546,0.1709,0.2444,0.2834,0.0668,0.3139,0.3881
2022-08-26,0.2601,0.2481,0.1619,0.2436,0.2822,0.0691999999999999,0.3156,0.3863
2022-08-27,0.2612,0.245,0.162,0.2465,0.283,0.0701000000000001,0.3197,0.3975
2022-08-28,0.2371,0.2398,0.1545,0.2347,0.2675,0.0682999999999999,0.3079,0.4012
2022-08-29,0.2494,0.245,0.1622,0.2389,0.2804,0.0698,0.3127,0.4012
2022-08-30,0.2546,0.252,0.161,0.2416,0.2801,0.0701000000000001,0.312,0.3968
2022-08-31,0.2478,0.2465,0.1604,0.2303,0.271,0.0663,0.3091,0.4021
2022-09-01,0.2358,0.2466,0.1654,0.2287,0.2651,0.0662,0.3065,0.3975
2022-09-02,0.2411,0.2499,0.1669,0.2395,0.2765,0.0805,0.3155,0.3987
2022-09-03,0.2462,0.253,0.1711,0.2468,0.2847,0.0811000000000001,0.3202,0.3944
2022-09-04,0.2487,0.2574,0.1644,0.2525,0.2905,0.0838000000000001,0.3276,0.3888
2022-09-05,0.2527,0.2551,0.1566,0.2528,0.2953,0.0881,0.3323,0.3779
2022-09-06,0.254,0.253,0.1623,0.2529,0.2933,0.0906,0.3261,0.3897
2022-09-07,0.2569,0.2589,0.1737,0.2579,0.296,0.0923999999999999,0.3256,0.3961
2022-09-08,0.2668,0.2557,0.1722,0.2545,0.2946,0.096,0.3343,0.3922
2022-09-09,0.2573,0.2589,0.1711,0.2561,0.2926,0.094,0.3408,0.401
2022-09-10,0.2588,0.261,0.1775,0.2525,0.2949,0.091,0.3367,0.423
2022-09-11,0.256,0.2552,0.1692,0.2505,0.2876,0.0908,0.3295,0.4221
2022-09-12,0.2419,0.2502,0.1561,0.2429,0.2756,0.0919,0.3204,0.4019
2022-09-13,0.2525,0.2597,0.1863,0.2556,0.2893,0.0962,0.3271,0.4049
2022-09-14,0.2465,0.2549,0.1709,0.2481,0.2841,0.0867,0.3282,0.3981
2022-09-15,0.2415,0.2587,0.1646,0.2429,0.2823,0.0756,0.3252,0.39
2022-09-16,0.2466,0.2605,0.1549,0.2438,0.2784,0.0758000000000001,0.3324,0.3966
2022-09-17,0.2515,0.2651,0.1559,0.2474,0.278,0.0788,0.3328,0.4074
2022-09-18,0.2639,0.269,0.1559,0.2529,0.2902,0.0933,0.3402,0.397
2022-09-19,0.2693,0.2678,0.146,0.2516,0.2911,0.0941,0.3388,0.3834
2022-09-20,0.2763,0.2665,0.1433,0.2534,0.2939,0.0935,0.3426,0.4052
2022-09-21,0.2687,0.265,0.1395,0.2491,0.2863,0.0888,0.3324,0.4104
2022-09-22,0.2724,0.2669,0.1326,0.2492,0.2865,0.0955999999999999,0.3349,0.4109
2022-09-23,0.2601,0.2711,0.1438,0.2537,0.2855,0.0966999999999999,0.3382,0.3969
2022-09-24,0.253,0.2799,0.1526,0.2542,0.2869,0.0971000000000001,0.3427,0.3999
2022-09-25,0.2555,0.2815,0.1489,0.2531,0.2878,0.0998,0.343,0.406
2022-09-26,0.2568,0.2823,0.1439,0.2563,0.2883,0.1039,0.3431,0.4051
2022-09-27,0.2539,0.2816,0.1467,0.2526,0.2812,0.1077,0.3418,0.4242
2022-09-28,0.2687,0.2825,0.1431,0.2573,0.2865,0.1144,0.3467,0.4317
2022-09-29,0.2745,0.2809,0.1427,0.2603,0.2913,0.1168,0.3541,0.4311
2022-09-30,0.2668,0.2829,0.1422,0.2499,0.2856,0.1058,0.3518,0.4258
2022-10-01,0.2733,0.2884,0.1418,0.2509,0.2882,0.1099,0.3478,0.4065
2022-10-02,0.2783,0.2875,0.1342,0.251,0.2823,0.1152,0.3554,0.4129
2022-10-03,0.2692,0.2836,0.1429,0.2491,0.2778,0.1125,0.3477,0.418
2022-10-04,0.2622,0.2846,0.1388,0.2477,0.2774,0.1156,0.3469,0.4185
2022-10-05,0.2707,0.2922,0.1421,0.2535,0.2923,0.1217,0.3514,0.416
2022-10-06,0.2738,0.2949,0.1328,0.2508,0.287,0.1181,0.3479,0.4168
2022-10-07,0.2682,0.301,0.1368,0.259,0.2867,0.1186,0.3503,0.4138
2022-10-08,0.2729,0.3044,0.1536,0.2641,0.3052,0.1251,0.3551,0.4223
2022-10-09,0.268,0.3045,0.1552,0.2675,0.3025,0.1203,0.3568,0.432
2022-10-10,0.2622,0.3037,0.1517,0.2646,0.2963,0.1106,0.3611,0.4408
2022-10-11,0.2674,0.304,0.154,0.2664,0.2948,0.1129,0.3569,0.4379
2022-10-12,0.2732,0.3072,0.1491,0.2635,0.2949,0.1167,0.3494,0.4304
2022-10-13,0.2864,0.3151,0.1626,0.2709,0.3033,0.1203,0.3498,0.4257
2022-10-14,0.2878,0.3102,0.1587,0.2733,0.2993,0.1209,0.357,0.4249
2022-10-15,0.2687,0.306,0.1602,0.2701,0.2983,0.1231,0.3486,0.4325
2022-10-16,0.2795,0.3103,0.1591,0.2757,0.3023,0.129,0.3493,0.44
2022-10-17,0.2713,0.3136,0.1449,0.276,0.2935,0.1298,0.3482,0.4374
2022-10-18,0.279,0.316,0.1421,0.2816,0.3019,0.1348,0.3504,0.4152
2022-10-19,0.2724,0.3107,0.145,0.2737,0.2976,0.1367,0.3455,0.404
2022-10-20,0.2692,0.302,0.1373,0.275,0.2931,0.1356,0.3498,0.4175
2022-10-21,0.2728,0.3019,0.1437,0.2786,0.2972,0.1363,0.3473,0.4169
2022-10-22,0.2806,0.3122,0.138,0.283,0.3041,0.1448,0.3451,0.4222
2022-10-23,0.296,0.3229,0.1472,0.2885,0.3084,0.1519,0.3453,0.433
2022-10-24,0.2969,0.3283,0.1426,0.2831,0.3032,0.157,0.3416,0.4281
2022-10-25,0.2993,0.3305,0.1325,0.2772,0.3,0.1535,0.3445,0.426
2022-10-26,0.2883,0.325,0.1302,0.2738,0.2902,0.1466,0.34,0.4174
2022-10-27,0.2699,0.3341,0.1351,0.2751,0.2856,0.1435,0.3437,0.407
2022-10-28,0.2778,0.3368,0.1264,0.2847,0.2948,0.1469,0.356,0.4174
2022-10-29,0.2809,0.3328,0.1217,0.2909,0.2985,0.1481,0.3577,0.4086
2022-10-30,0.2772,0.3264,0.1237,0.2847,0.2931,0.1423,0.3522,0.425
2022-10-31,0.2869,0.3262,0.1413,0.2911,0.3006,0.1423,0.3514,0.432
2022-11-01,0.289,0.3345,0.1375,0.2946,0.3035,0.1526,0.3525,0.4308
2022-11-02,0.2874,0.339,0.1486,0.2904,0.3035,0.1504,0.3502,0.4281
2022-11-03,0.2916,0.3417,0.1399,0.2896,0.3008,0.1442,0.3577,0.4357
2022-11-04,0.302,0.3354,0.1377,0.2921,0.3061,0.1482,0.3543,0.4364
2022-11-05,0.3128,0.3371,0.1373,0.2912,0.3046,0.1571,0.3502,0.444
2022-11-06,0.2991,0.3396,0.1304,0.2903,0.2951,0.1633,0.3447,0.4311
2022-11-07,0.3112,0.3433,0.1384,0.2955,0.3073,0.166,0.3604,0.4374
2022-11-08,0.2967,0.3294,0.1358,0.2943,0.3064,0.1582,0.358,0.4478
2022-11-09,0.2925,0.321,0.1226,0.288,0.3055,0.1466,0.3515,0.4396
2022-11-10,0.2852,0.3226,0.1332,0.2868,0.3048,0.1461,0.3498,0.4437
2022-11-11,0.2889,0.3278,0.1236,0.2886,0.2988,0.1522,0.3446,0.4352
2022-11-12,0.2991,0.3358,0.1484,0.2966,0.3073,0.1639,0.3528,0.4319
2022-11-13,0.3035,0.3369,0.1481,0.3008,0.3084,0.17,0.3659,0.4378
2022-11-14,0.3051,0.3382,0.1414,0.3011,0.313,0.1714,0.37,0.4503
2022-11-15,0.3116,0.3363,0.1311,0.3068,0.3123,0.1706,0.3729,0.4624
2022-11-16,0.3085,0.3374,0.1278,0.301,0.3011,0.1631,0.3672,0.4577
2022-11-17,0.304,0.3338,0.1419,0.2999,0.3009,0.164,0.3619,0.4374
2022-11-18,0.3038,0.3341,0.1417,0.302,0.3026,0.1641,0.3692,0.4267
2022-11-19,0.2993,0.3268,0.1278,0.2988,0.2963,0.1603,0.3705,0.4368
2022-11-20,0.2899,0.3179,0.137,0.2934,0.2924,0.161,0.3666,0.4287
2022-11-21,0.2949,0.3238,0.126,0.288,0.2892,0.1632,0.3649,0.4381
2022-11-22,0.3087,0.3303,0.1278,0.2892,0.2932,0.1649,0.3664,0.4292
2022-11-23,0.3108,0.3372,0.1254,0.2881,0.2928,0.1657,0.3671,0.4335
2022-11-24,0.3104,0.336,0.1251,0.2893,0.2976,0.1648,0.3688,0.4402
2022-11-25,0.3053,0.33,0.1142,0.2974,0.2977,0.1645,0.3729,0.4416
2022-11-26,0.305,0.3318,0.1142,0.2961,0.2939,0.1594,0.3727,0.4466
2022-11-27,0.315,0.3308,0.1224,0.3012,0.3025,0.1673,0.3827,0.452
2022-11-28,0.3079,0.3299,0.1289,0.307,0.303,0.1739,0.3829,0.4403
2022-11-29,0.3027,0.3337,0.1405,0.3047,0.3066,0.1725,0.3865,0.4367
2022-11-30,0.2993,0.3331,0.1353,0.3017,0.3062,0.1655,0.3837,0.4267
2022-12-01,0.3078,0.3324,0.1308,0.3034,0.3023,0.1713,0.3866,0.4328
2022-12-02,0.2971,0.3257,0.1431,0.3026,0.2996,0.1734,0.3841,0.4367
2022-12-03,0.3055,0.3251,0.145,0.3054,0.3042,0.1783,0.386,0.4466
2022-12-04,0.3058,0.3228,0.1474,0.3059,0.3071,0.1854,0.3845,0.451
2022-12-05,0.3064,0.3143,0.1405,0.2986,0.3006,0.1821,0.3774,0.4324
2022-12-06,0.3063,0.3127,0.1453,0.2994,0.3006,0.188,0.3793,0.4425
2022-12-07,0.3192,0.319,0.1475,0.3058,0.3107,0.1924,0.3858,0.4421
2022-12-08,0.3079,0.3136,0.1474,0.3047,0.303,0.1899,0.3875,0.4364
2022-12-09,0.2974,0.3151,0.1405,0.3047,0.2976,0.1757,0.3932,0.4405
2022-12-10,0.2999,0.317,0.1566,0.3115,0.3056,0.1743,0.3949,0.4499
2022-12-11,0.2954,0.313,0.1458,0.3061,0.2981,0.1793,0.3885,0.4491
2022-12-12,0.3029,0.3212,0.1552,0.3079,0.3022,0.177,0.3928,0.4398
2022-12-13,0.3034,0.3211,0.1614,0.3078,0.298,0.1749,0.4021,0.4543
2022-12-14,0.2943,0.3179,0.1626,0.3073,0.3029,0.1723,0.3992,0.4614
2022-12-15,0.3036,0.3158,0.1582,0.3076,0.3041,0.1765,0.3983,0.4705
2022-12-16,0.2983,0.3197,0.1431,0.3175,0.3007,0.1818,0.3973,0.4698
2022-12-17,0.3076,0.3282,0.1423,0.3221,0.3085,0.1901,0.3949,0.4591
2022-12-18,0.3065,0.3257,0.1382,0.3247,0.3101,0.195,0.3855,0.4422
2022-12-19,0.3015,0.3154,0.1377,0.3177,0.3049,0.187,0.38,0.4577
2022-12-20,0.2956,0.3164,0.1492,0.3211,0.3098,0.1902,0.377,0.4627
2022-12-21,0.2956,0.3235,0.1467,0.32,0.3124,0.1948,0.3912,0.4676
2022-12-22,0.3016,0.3208,0.1489,0.318,0.315,0.1912,0.4009,0.4673
2022-12-23,0.298,0.3161,0.1467,0.3135,0.3129,0.1932,0.4047,0.4604
2022-12-24,0.2964,0.3081,0.1401,0.3074,0.3098,0.191,0.4,0.4591
2022-12-25,0.2955,0.3029,0.1361,0.3041,0.3048,0.1877,0.3939,0.4698
2022-12-26,0.2781,0.3017,0.1308,0.3034,0.3011,0.1865,0.3847,0.4779
2022-12-27,0.2853,0.3057,0.1339,0.3104,0.3126,0.1968,0.3864,0.4795
2022-12-28,0.2848,0.309,0.1339,0.308,0.3137,0.1964,0.3918,0.4684
2022-12-29,0.2915,0.3129,0.1417,0.3043,0.3123,0.1851,0.3958,0.4628
2022-12-30,0.2932,0.3124,0.1476,0.3056,0.3135,0.1888,0.3991,0.4758
2022-12-31,0.2884,0.317,0.1418,0.3115,0.3197,0.2038,0.3997,0.4687
2023-01-01,0.2923,0.3227,0.15,0.3123,0.3276,0.2123,0.3961,0.4774
2023-01-02,0.3007,0.3195,0.1356,0.3126,0.3345,0.2167,0.3999,0.4788
2023-01-03,0.308,0.319,0.1318,0.3094,0.3394,0.2283,0.3983,0.4707
2023-01-04,0.3109,0.3184,0.1309,0.3033,0.3315,0.2216,0.3944,0.4811
2023-01-05,0.3038,0.3192,0.1308,0.299,0.3232,0.2156,0.3974,0.4849
2023-01-06,0.3036,0.3128,0.1317,0.3027,0.3216,0.2005,0.4097,0.4833
2023-01-07,0.2883,0.3006,0.1424,0.2983,0.3165,0.1981,0.4073,0.4799
2023-01-08,0.3073,0.2962,0.1374,0.2957,0.3241,0.1916,0.4093,0.4929
2023-01-09,0.3115,0.2928,0.1301,0.2978,0.3213,0.1996,0.4001,0.4889
2023-01-10,0.3044,0.2935,0.1216,0.2953,0.3218,0.2068,0.3894,0.483
2023-01-11,0.2941,0.2968,0.1388,0.2959,0.3225,0.2071,0.3852,0.4745
2023-01-12,0.2889,0.3,0.1317,0.2923,0.3221,0.2032,0.3898,0.4767
2023-01-13,0.2758,0.2895,0.1194,0.2901,0.3221,0.206,0.3917,0.4628
2023-01-14,0.2829,0.2882,0.115,0.29,0.3214,0.1996,0.3953,0.4729
2023-01-15,0.2795,0.2879,0.1054,0.2903,0.3153,0.2087,0.3856,0.48
2023-01-16,0.2799,0.2881,0.1089,0.2908,0.3143,0.2176,0.391,0.4712
2023-01-17,0.2825,0.286,0.1081,0.295,0.3195,0.217,0.3922,0.4647
2023-01-18,0.2907,0.2838,0.1128,0.2906,0.3235,0.206,0.391,0.4741
2023-01-19,0.2856,0.273,0.1249,0.2871,0.316,0.2031,0.3871,0.4899
2023-01-20,0.289,0.2697,0.1194,0.2867,0.3147,0.1999,0.3855,0.488
2023-01-21,0.2882,0.2722,0.1217,0.2895,0.3112,0.2004,0.3892,0.4941
2023-01-22,0.2805,0.2723,0.126,0.2846,0.3015,0.2013,0.3871,0.4857
2023-01-23,0.2793,0.2768,0.1295,0.2806,0.3065,0.2011,0.3857,0.4838
2023-01-24,0.2839,0.277,0.125,0.2794,0.3102,0.2007,0.3845,0.4822
2023-01-25,0.2784,0.2796,0.1134,0.2741,0.301,0.1938,0.3739,0.4626
2023-01-26,0.2822,0.2818,0.1145,0.276,0.302,0.1995,0.3788,0.4561
2023-01-27,0.2767,0.2791,0.1181,0.2825,0.3014,0.2016,0.3798,0.4576
2023-01-28,0.2823,0.2785,0.1231,0.2765,0.305,0.1827,0.362,0.4555
2023-01-29,0.2844,0.2814,0.1261,0.2806,0.3068,0.1909,0.3588,0.4557
2023-01-30,0.2845,0.2842,0.125,0.2853,0.3095,0.1931,0.363,0.4624
2023-01-31,0.2818,0.2867,0.1369,0.2817,0.3104,0.1887,0.3556,0.4631
2023-02-01,0.2867,0.2814,0.1277,0.2747,0.3105,0.1873,0.3527,0.4666
2023-02-02,0.2836,0.2817,0.1258,0.2688,0.3098,0.1937,0.3442,0.4524
2023-02-03,0.28,0.2873,0.1302,0.2674,0.3098,0.1779,0.3405,0.443
2023-02-04,0.2675,0.278,0.132,0.2645,0.3045,0.1802,0.3279,0.4369
2023-02-05,0.2712,0.2708,0.134,0.2608,0.3109,0.1762,0.3247,0.4252
2023-02-06,0.2609,0.262,0.1373,0.2521,0.3055,0.1709,0.3208,0.4302
2023-02-07,0.2603,0.2561,0.1354,0.244,0.3051,0.1529,0.3165,0.4467
2023-02-08,0.2674,0.2575,0.1419,0.24,0.3056,0.1484,0.3069,0.4324
2023-02-09,0.2629,0.2594,0.1404,0.2317,0.3018,0.148,0.302,0.4308
2023-02-10,0.2695,0.2647,0.1482,0.2388,0.3136,0.1528,0.3038,0.4269
2023-02-11,0.272,0.263,0.1425,0.2376,0.3099,0.1567,0.3101,0.4376
2023-02-12,0.2687,0.2593,0.1432,0.2377,0.312,0.1579,0.3081,0.4501
2023-02-13,0.2725,0.2635,0.1424,0.23,0.3037,0.1399,0.2991,0.4447
2023-02-14,0.2636,0.269,0.1379,0.2262,0.2974,0.1368,0.2966,0.4468
2023-02-15,0.2612,0.2642,0.135,0.216,0.2967,0.1319,0.2874,0.424
2023-02-16,0.2553,0.2577,0.1445,0.2144,0.2967,0.128,0.2825,0.4067
2023-02-17,0.2619,0.2548,0.1421,0.2071,0.295,0.1145,0.2796,0.419
2023-02-18,0.2596,0.2467,0.1484,0.2006,0.2878,0.1114,0.2715,0.4314
2023-02-19,0.2426,0.2413,0.1304,0.1923,0.2759,0.0945,0.2741,0.437
2023-02-20,0.226,0.2416,0.1301,0.1783,0.2582,0.074,0.2696,0.4348
2023-02-21,0.2178,0.2394,0.118,0.1711,0.2468,0.0646,0.2727,0.4215
2023-02-22,0.2086,0.2321,0.0971,0.1596,0.2313,0.0506000000000001,0.2652,0.4152
2023-02-23,0.1968,0.2219,0.0877,0.1547,0.2128,0.0485,0.2643,0.4151
2023-02-24,0.1617,0.2107,0.0892999999999999,0.1562,0.1962,0.0521999999999999,0.261,0.4183
2023-02-25,0.1637,0.211,0.0923,0.1567,0.2022,0.0516,0.2694,0.4328
2023-02-26,0.1507,0.2137,0.0777,0.1589,0.1995,0.0518,0.2642,0.4275
2023-02-27,0.1477,0.2111,0.0823,0.1523,0.197,0.0585,0.2602,0.4175
2023-02-28,0.1495,0.2087,0.0881,0.152,0.1966,0.0588,0.2614,0.4316
2023-03-01,0.1481,0.2071,0.0885,0.1558,0.2022,0.0607000000000001,0.2636,0.4342
2023-03-02,0.1386,0.2073,0.0973999999999999,0.1582,0.2017,0.0634,0.268,0.4293
2023-03-03,0.1298,0.2063,0.0902000000000001,0.1588,0.1924,0.0691999999999999,0.2793,0.4279
2023-03-04,0.135,0.2079,0.0867,0.16,0.198,0.0705,0.2848,0.4262
2023-03-05,0.1352,0.2057,0.0798,0.1599,0.1892,0.0750999999999999,0.2768,0.4256
2023-03-06,0.1356,0.203,0.0744,0.1605,0.1877,0.0743,0.2765,0.4123
2023-03-07,0.137,0.1989,0.0757,0.1635,0.1868,0.072,0.2764,0.4148
2023-03-08,0.1336,0.1984,0.0851000000000001,0.1626,0.1931,0.0726,0.2714,0.4146
2023-03-09,0.1343,0.1894,0.0748000000000001,0.1552,0.1853,0.0765,0.2716,0.4217
2023-03-10,0.133,0.1932,0.0868,0.1631,0.1871,0.0727000000000001,0.2718,0.4107
2023-03-11,0.1258,0.1971,0.0846,0.1567,0.1784,0.0750000000000001,0.2691,0.4023
2023-03-12,0.1233,0.2004,0.1075,0.1669,0.1833,0.0700999999999999,0.2763,0.4035
2023-03-13,0.1278,0.1994,0.1067,0.17,0.1827,0.073,0.2872,0.4081
2023-03-14,0.1296,0.2003,0.1038,0.1741,0.1895,0.0758,0.2929,0.4027
2023-03-15,0.148,0.2044,0.0938,0.1774,0.1985,0.0786,0.2964,0.4154
2023-03-16,0.1605,0.2045,0.0916,0.1864,0.2015,0.0748,0.2945,0.4221
2023-03-17,0.1607,0.2044,0.0918,0.1882,0.199,0.0794,0.2964,0.4122
2023-03-18,0.1546,0.203,0.095,0.1922,0.1954,0.0797,0.2958,0.3948
2023-03-19,0.1594,0.1916,0.0962,0.1928,0.1991,0.081,0.3001,0.388
2023-03-20,0.1514,0.1857,0.0916999999999999,0.1939,0.1984,0.08,0.293,0.3983
2023-03-21,0.155,0.1887,0.0789,0.1958,0.2046,0.0788,0.2843,0.3952
2023-03-22,0.1571,0.1909,0.0801999999999999,0.1966,0.202,0.0746,0.2881,0.3979
2023-03-23,0.1583,0.1885,0.0838,0.197,0.2002,0.0742999999999999,0.2976,0.3985
2023-03-24,0.148,0.1844,0.0857,0.1965,0.2003,0.0765,0.2986,0.3976
2023-03-25,0.152,0.1892,0.0842999999999999,0.2012,0.2039,0.0751999999999999,0.2962,0.4002
2023-03-26,0.1527,0.1951,0.0811999999999999,0.1982,0.2006,0.0724,0.2904,0.4029
2023-03-27,0.1609,0.1977,0.0847,0.2031,0.2013,0.0717000000000001,0.2994,0.4014
2023-03-28,0.166,0.1919,0.0865,0.2039,0.2009,0.0696,0.3019,0.4001
2023-03-29,0.1745,0.1917,0.0901,0.197,0.1995,0.0748,0.2966,0.3904
2023-03-30,0.1717,0.1961,0.0924999999999999,0.1992,0.2067,0.0742,0.2996,0.3872
2023-03-31,0.1601,0.1983,0.0821999999999999,0.2072,0.2098,0.0731999999999999,0.3077,0.3958
2023-04-01,0.1555,0.1949,0.0941000000000001,0.2088,0.2169,0.0758000000000001,0.3026,0.3803
2023-04-02,0.1602,0.187,0.0920000000000001,0.2011,0.2109,0.0765,0.3001,0.3954
2023-04-03,0.1691,0.1908,0.0877,0.2048,0.22,0.0754,0.3025,0.4027
2023-04-04,0.1668,0.1917,0.0928,0.2057,0.2125,0.0773999999999999,0.2994,0.3987
2023-04-05,0.1688,0.2003,0.1023,0.2114,0.2138,0.0771999999999999,0.3086,0.3955
2023-04-06,0.1766,0.2025,0.1046,0.2135,0.2189,0.0759,0.3142,0.3942
2023-04-07,0.1762,0.1966,0.1043,0.2194,0.2209,0.0751999999999999,0.3175,0.3888
2023-04-08,0.1838,0.1958,0.1017,0.2171,0.2205,0.0789000000000001,0.3176,0.4031
2023-04-09,0.1911,0.1953,0.1094,0.2199,0.2227,0.0786,0.3155,0.4055
2023-04-10,0.1837,0.1968,0.111,0.2222,0.2261,0.0769,0.3146,0.4103
2023-04-11,0.1829,0.2027,0.1174,0.2253,0.2313,0.0749,0.3243,0.4115
2023-04-12,0.1827,0.1972,0.1184,0.2265,0.2346,0.0778,0.3369,0.4069
2023-04-13,0.1747,0.1875,0.1202,0.2185,0.2272,0.0780999999999999,0.3344,0.4219
2023-04-14,0.1824,0.1844,0.1073,0.2186,0.2233,0.0784999999999999,0.3353,0.4204
2023-04-15,0.1823,0.1937,0.0988,0.2263,0.2259,0.0729,0.333,0.423
2023-04-16,0.1864,0.198,0.096,0.2249,0.233,0.0723,0.3239,0.4119
2023-04-17,0.187,0.1973,0.0997,0.2336,0.2383,0.0704,0.3212,0.4163
2023-04-18,0.2035,0.1973,0.0934,0.2311,0.2428,0.0772999999999999,0.3199,0.4235
2023-04-19,0.2092,0.1957,0.1114,0.2297,0.2424,0.0817,0.318,0.4318
2023-04-20,0.2057,0.1918,0.1105,0.2264,0.2405,0.0816,0.3137,0.4245
2023-04-21,0.205,0.2053,0.1242,0.2329,0.2473,0.0809,0.3199,0.4169
2023-04-22,0.1984,0.2098,0.1171,0.2293,0.238,0.0821,0.3225,0.4216
2023-04-23,0.1976,0.2097,0.1053,0.2252,0.2349,0.0831999999999999,0.3165,0.4136
2023-04-24,0.2051,0.2081,0.107,0.2213,0.229,0.0802999999999999,0.3202,0.4195
2023-04-25,0.2036,0.2097,0.1135,0.2264,0.2325,0.0754,0.3179,0.4286
2023-04-26,0.2073,0.2091,0.1115,0.2246,0.2381,0.074,0.3231,0.4334
2023-04-27,0.1986,0.2148,0.1134,0.2257,0.234,0.0716,0.3312,0.4124
2023-04-28,0.2024,0.2147,0.1099,0.2205,0.2315,0.0751999999999999,0.3269,0.4101
2023-04-29,0.2149,0.2122,0.1249,0.2252,0.2388,0.0691999999999999,0.3204,0.4177
2023-04-30,0.2132,0.2083,0.1208,0.2239,0.2352,0.0598,0.3133,0.426
2023-05-01,0.2117,0.2134,0.123,0.2271,0.2375,0.0553,0.3076,0.4141
2023-05-02,0.204,0.2214,0.118,0.2241,0.2361,0.0558,0.3145,0.4181
2023-05-03,0.2065,0.2227,0.1096,0.2209,0.2394,0.0559000000000001,0.3129,0.417
2023-05-04,0.2044,0.2275,0.1143,0.213,0.2324,0.0577000000000001,0.3049,0.4069
2023-05-05,0.2017,0.2281,0.1109,0.2125,0.2283,0.0551,0.3045,0.4052
2023-05-06,0.2073,0.2223,0.1225,0.2137,0.2315,0.0522,0.3106,0.4123
2023-05-07,0.2021,0.2131,0.1249,0.2097,0.2262,0.0504,0.3091,0.4159
2023-05-08,0.2095,0.2074,0.1223,0.2041,0.2263,0.0518,0.3084,0.4216
2023-05-09,0.2172,0.2131,0.1239,0.2128,0.23,0.0496,0.3055,0.429
2023-05-10,0.2239,0.2173,0.1129,0.2084,0.2312,0.0566000000000001,0.2985,0.4002
2023-05-11,0.2262,0.219,0.1252,0.2164,0.2353,0.0558999999999999,0.2996,0.4098
2023-05-12,0.2389,0.2189,0.1229,0.2255,0.245,0.0547000000000001,0.3067,0.4083
2023-05-13,0.2354,0.2196,0.1279,0.2277,0.2527,0.0604,0.3162,0.4082
2023-05-14,0.2337,0.2179,0.1129,0.2381,0.2565,0.0679000000000001,0.3271,0.4194
2023-05-15,0.229,0.2207,0.1117,0.2365,0.2543,0.0659,0.3227,0.4097
2023-05-16,0.2268,0.2234,0.1137,0.2297,0.2497,0.073,0.322,0.4085
2023-05-17,0.2378,0.2225,0.1117,0.226,0.2502,0.073,0.3225,0.3957
2023-05-18,0.2497,0.2266,0.1159,0.223,0.2561,0.0692999999999999,0.3229,0.41
2023-05-19,0.2442,0.2288,0.1243,0.224,0.2555,0.0730999999999999,0.3169,0.4153
2023-05-20,0.2433,0.2313,0.1143,0.2191,0.2569,0.0809,0.307,0.4239
2023-05-21,0.2361,0.2368,0.1155,0.218,0.2552,0.0829,0.3043,0.4229
2023-05-22,0.2271,0.2352,0.1144,0.2132,0.2574,0.0861999999999999,0.3063,0.418
2023-05-23,0.2249,0.2323,0.1163,0.2117,0.2556,0.0894,0.3057,0.3972
2023-05-24,0.2334,0.239,0.1098,0.2109,0.2615,0.0884,0.3081,0.4003
2023-05-25,0.2356,0.24,0.1026,0.2105,0.2608,0.0982000000000001,0.3021,0.3988
2023-05-26,0.241,0.2374,0.1029,0.2135,0.2641,0.0961,0.3085,0.3875
2023-05-27,0.2378,0.2342,0.1072,0.2131,0.2613,0.1076,0.3152,0.3895
2023-05-28,0.2308,0.2303,0.1041,0.2029,0.2439,0.0952999999999999,0.3064,0.3893
2023-05-29,0.2253,0.2301,0.1017,0.1978,0.2378,0.0903,0.3033,0.3841
2023-05-30,0.2146,0.228,0.0918,0.1918,0.2341,0.0953999999999999,0.3034,0.3838
2023-05-31,0.2143,0.2267,0.1059,0.1918,0.2411,0.1044,0.303,0.3873
2023-06-01,0.2266,0.2244,0.1023,0.1862,0.2426,0.1104,0.2996,0.3916
2023-06-02,0.2291,0.227,0.0951000000000001,0.1885,0.2488,0.1234,0.2997,0.3876
2023-06-03,0.2272,0.2366,0.0962000000000001,0.1867,0.2606,0.1289,0.2894,0.3828
2023-06-04,0.2168,0.2413,0.1074,0.1893,0.2585,0.1414,0.2877,0.3921
2023-06-05,0.2147,0.2396,0.0974,0.1863,0.253,0.1248,0.2918,0.3702
2023-06-06,0.2082,0.237,0.0945999999999999,0.1824,0.2487,0.1267,0.2941,0.3661
2023-06-07,0.2238,0.2352,0.0889,0.1769,0.2468,0.1125,0.2976,0.3798
2023-06-08,0.2434,0.2364,0.0976,0.1822,0.2519,0.1222,0.3006,0.3786
2023-06-09,0.2354,0.2398,0.0924,0.1812,0.2523,0.1217,0.3016,0.3699
2023-06-10,0.2305,0.2482,0.0985999999999999,0.1824,0.2497,0.115,0.3032,0.3602
2023-06-11,0.2296,0.2411,0.0962000000000001,0.1816,0.247,0.1215,0.3185,0.3784
2023-06-12,0.2263,0.234,0.0899,0.1749,0.2409,0.1084,0.3184,0.3833
2023-06-13,0.2331,0.2302,0.0759,0.1705,0.2348,0.1026,0.311,0.3888
2023-06-14,0.2341,0.2355,0.0718,0.1738,0.2401,0.1062,0.3085,0.3799
2023-06-15,0.2338,0.2343,0.0735,0.1725,0.246,0.1143,0.3098,0.3609
2023-06-16,0.2245,0.2283,0.0717000000000001,0.1777,0.2488,0.1254,0.314,0.3514
2023-06-17,0.2289,0.2246,0.0689,0.1729,0.252,0.1212,0.3046,0.3534
2023-06-18,0.2274,0.2226,0.0702,0.1723,0.2505,0.1289,0.2947,0.35
2023-06-19,0.2246,0.2257,0.0669,0.175,0.2569,0.137,0.2911,0.3689
2023-06-20,0.2306,0.2352,0.0747,0.1776,0.2595,0.1403,0.2943,0.3711
2023-06-21,0.2217,0.2407,0.0636,0.173,0.2448,0.1287,0.2945,0.3704
2023-06-22,0.2174,0.241,0.0620999999999999,0.1706,0.2425,0.1247,0.3042,0.3704
2023-06-23,0.2133,0.246,0.0599,0.1688,0.2373,0.1124,0.3059,0.3702
2023-06-24,0.2097,0.2439,0.0578000000000001,0.1693,0.2325,0.1238,0.3053,0.3787
2023-06-25,0.2121,0.2411,0.0603,0.1651,0.23,0.1258,0.3055,0.3758
2023-06-26,0.2059,0.2411,0.0685,0.1675,0.2306,0.1288,0.3138,0.365
2023-06-27,0.2045,0.2417,0.0586,0.1626,0.2226,0.1163,0.3118,0.3631
2023-06-28,0.2102,0.2368,0.0676,0.1639,0.2243,0.1187,0.307,0.3573
2023-06-29,0.2072,0.2397,0.0658,0.1638,0.2305,0.1159,0.3075,0.365
2023-06-30,0.2028,0.2448,0.0729,0.1656,0.2369,0.1218,0.3057,0.3728
