"","date","ETH"
"1",2018-12-26,0.3095
"2",2018-12-27,0.3519
"3",2018-12-28,0.3187
"4",2018-12-29,0.3163
"5",2018-12-30,0.3041
"6",2018-12-31,0.2675
"7",2019-01-01,0.2416
"8",2019-01-02,0.2705
"9",2019-01-03,0.2415
"10",2019-01-04,0.2417
"11",2019-01-05,0.2396
"12",2019-01-06,0.2653
"13",2019-01-07,0.2467
"14",2019-01-08,0.2432
"15",2019-01-09,0.232
"16",2019-01-10,0.2748
"17",2019-01-11,0.2451
"18",2019-01-12,0.2987
"19",2019-01-13,0.2889
"20",2019-01-14,0.3015
"21",2019-01-15,0.3017
"22",2019-01-16,0.2986
"23",2019-01-17,0.2206
"24",2019-01-18,0.2397
"25",2019-01-19,0.2131
"26",2019-01-20,0.2049
"27",2019-01-21,0.2043
"28",2019-01-22,0.2221
"29",2019-01-23,0.2151
"30",2019-01-24,0.2011
"31",2019-01-25,0.2023
"32",2019-01-26,0.2031
"33",2019-01-27,0.1702
"34",2019-01-28,0.141
"35",2019-01-29,0.1372
"36",2019-01-30,0.1899
"37",2019-01-31,0.1533
"38",2019-02-01,0.1464
"39",2019-02-02,0.0813999999999999
"40",2019-02-03,0.0751000000000001
"41",2019-02-04,0.1101
"42",2019-02-05,0.0936
"43",2019-02-06,0.0556
"44",2019-02-07,0.0449000000000001
"45",2019-02-08,0.0442
"46",2019-02-09,0.0498
"47",2019-02-10,0.0689
"48",2019-02-11,0.0659000000000001
"49",2019-02-12,0.0689
"50",2019-02-13,0.0851
"51",2019-02-14,0.0853
"52",2019-02-15,0.0805
"53",2019-02-16,0.0622
"54",2019-02-17,0.0773
"55",2019-02-18,0.0616
"56",2019-02-19,0.0646
"57",2019-02-20,0.0668
"58",2019-02-21,0.0780000000000001
"59",2019-02-22,0.0831999999999999
"60",2019-02-23,0.0662999999999999
"61",2019-02-24,0.0629
"62",2019-02-25,0.0615
"63",2019-02-26,0.0396000000000001
"64",2019-02-27,0.0632
"65",2019-02-28,0.0655
"66",2019-03-01,0.0751999999999999
"67",2019-03-02,0.0974
"68",2019-03-03,0.1365
"69",2019-03-04,0.0985
"70",2019-03-05,0.0987
"71",2019-03-06,0.1198
"72",2019-03-07,0.1321
"73",2019-03-08,0.1165
"74",2019-03-09,0.1322
"75",2019-03-10,0.1308
"76",2019-03-11,0.1429
"77",2019-03-12,0.1493
"78",2019-03-13,0.2011
"79",2019-03-14,0.2238
"80",2019-03-15,0.2636
"81",2019-03-16,0.2856
"82",2019-03-17,0.2948
"83",2019-03-18,0.2296
"84",2019-03-19,0.2633
"85",2019-03-20,0.244
"86",2019-03-21,0.2102
"87",2019-03-22,0.1902
"88",2019-03-23,0.1948
"89",2019-03-24,0.1997
"90",2019-03-25,0.2248
"91",2019-03-26,0.2507
"92",2019-03-27,0.2715
"93",2019-03-28,0.2919
"94",2019-03-29,0.2398
"95",2019-03-30,0.2278
"96",2019-03-31,0.2696
"97",2019-04-01,0.2772
"98",2019-04-02,0.2933
"99",2019-04-03,0.2992
"100",2019-04-04,0.2918
"101",2019-04-05,0.3206
"102",2019-04-06,0.3167
"103",2019-04-07,0.2926
"104",2019-04-08,0.3014
"105",2019-04-09,0.2726
"106",2019-04-10,0.2757
"107",2019-04-11,0.2634
"108",2019-04-12,0.2939
"109",2019-04-13,0.2985
"110",2019-04-14,0.3053
"111",2019-04-15,0.2674
"112",2019-04-16,0.2561
"113",2019-04-17,0.2035
"114",2019-04-18,0.1852
"115",2019-04-19,0.2118
"116",2019-04-20,0.1588
"117",2019-04-21,0.1559
"118",2019-04-22,0.1329
"119",2019-04-23,0.1308
"120",2019-04-24,0.1575
"121",2019-04-25,0.1659
"122",2019-04-26,0.1157
"123",2019-04-27,0.1066
"124",2019-04-28,0.1165
"125",2019-04-29,0.131
"126",2019-04-30,0.1684
"127",2019-05-01,0.1309
"128",2019-05-02,0.1272
"129",2019-05-03,0.1154
"130",2019-05-04,0.1109
"131",2019-05-05,0.1206
"132",2019-05-06,0.1647
"133",2019-05-07,0.1208
"134",2019-05-08,0.1319
"135",2019-05-09,0.1285
"136",2019-05-10,0.1365
"137",2019-05-11,0.1543
"138",2019-05-12,0.1386
"139",2019-05-13,0.1398
"140",2019-05-14,0.1421
"141",2019-05-15,0.1572
"142",2019-05-16,0.1279
"143",2019-05-17,0.1078
"144",2019-05-18,0.1257
"145",2019-05-19,0.1589
"146",2019-05-20,0.1522
"147",2019-05-21,0.1379
"148",2019-05-22,0.1941
"149",2019-05-23,0.1754
"150",2019-05-24,0.1839
"151",2019-05-25,0.2038
"152",2019-05-26,0.2013
"153",2019-05-27,0.19
"154",2019-05-28,0.1965
"155",2019-05-29,0.1854
"156",2019-05-30,0.2127
"157",2019-05-31,0.2018
"158",2019-06-01,0.2161
"159",2019-06-02,0.2262
"160",2019-06-03,0.2223
"161",2019-06-04,0.2393
"162",2019-06-05,0.2643
"163",2019-06-06,0.2364
"164",2019-06-07,0.2176
"165",2019-06-08,0.2344
"166",2019-06-09,0.2156
"167",2019-06-10,0.2149
"168",2019-06-11,0.2617
"169",2019-06-12,0.2852
"170",2019-06-13,0.2951
"171",2019-06-14,0.2925
"172",2019-06-15,0.2922
"173",2019-06-16,0.262
"174",2019-06-17,0.2485
"175",2019-06-18,0.2529
"176",2019-06-19,0.2807
"177",2019-06-20,0.2665
"178",2019-06-21,0.2532
"179",2019-06-22,0.2559
"180",2019-06-23,0.31
"181",2019-06-24,0.3381
"182",2019-06-25,0.3131
"183",2019-06-26,0.2768
"184",2019-06-27,0.2706
"185",2019-06-28,0.2609
"186",2019-06-29,0.2731
"187",2019-06-30,0.2926
"188",2019-07-01,0.2705
"189",2019-07-02,0.2858
"190",2019-07-03,0.286
"191",2019-07-04,0.2811
"192",2019-07-05,0.3106
"193",2019-07-06,0.2823
"194",2019-07-07,0.2698
"195",2019-07-08,0.2528
"196",2019-07-09,0.2497
"197",2019-07-10,0.248
"198",2019-07-11,0.2616
"199",2019-07-12,0.2442
"200",2019-07-13,0.2564
"201",2019-07-14,0.2723
"202",2019-07-15,0.2507
"203",2019-07-16,0.247
"204",2019-07-17,0.2476
"205",2019-07-18,0.2332
"206",2019-07-19,0.2144
"207",2019-07-20,0.1834
"208",2019-07-21,0.2091
"209",2019-07-22,0.222
"210",2019-07-23,0.2264
"211",2019-07-24,0.2403
"212",2019-07-25,0.2184
"213",2019-07-26,0.208
"214",2019-07-27,0.21
"215",2019-07-28,0.1811
"216",2019-07-29,0.187
"217",2019-07-30,0.178
"218",2019-07-31,0.1703
"219",2019-08-01,0.157
"220",2019-08-02,0.175
"221",2019-08-03,0.1793
"222",2019-08-04,0.1959
"223",2019-08-05,0.1824
"224",2019-08-06,0.1686
"225",2019-08-07,0.1787
"226",2019-08-08,0.1331
"227",2019-08-09,0.1179
"228",2019-08-10,0.1654
"229",2019-08-11,0.1582
"230",2019-08-12,0.1633
"231",2019-08-13,0.2028
"232",2019-08-14,0.2057
"233",2019-08-15,0.1869
"234",2019-08-16,0.1708
"235",2019-08-17,0.1818
"236",2019-08-18,0.2147
"237",2019-08-19,0.2009
"238",2019-08-20,0.195
"239",2019-08-21,0.1975
"240",2019-08-22,0.2459
"241",2019-08-23,0.2735
"242",2019-08-24,0.276
"243",2019-08-25,0.2457
"244",2019-08-26,0.2548
"245",2019-08-27,0.2614
"246",2019-08-28,0.2699
"247",2019-08-29,0.2523
"248",2019-08-30,0.1876
"249",2019-08-31,0.2069
"250",2019-09-01,0.2021
"251",2019-09-02,0.189
"252",2019-09-03,0.2165
"253",2019-09-04,0.2179
"254",2019-09-05,0.2121
"255",2019-09-06,0.2052
"256",2019-09-07,0.2065
"257",2019-09-08,0.2084
"258",2019-09-09,0.2311
"259",2019-09-10,0.2192
"260",2019-09-11,0.2304
"261",2019-09-12,0.2467
"262",2019-09-13,0.2401
"263",2019-09-14,0.2292
"264",2019-09-15,0.2546
"265",2019-09-16,0.248
"266",2019-09-17,0.242
"267",2019-09-18,0.241
"268",2019-09-19,0.2537
"269",2019-09-20,0.2894
"270",2019-09-21,0.2889
"271",2019-09-22,0.3115
"272",2019-09-23,0.2946
"273",2019-09-24,0.2791
"274",2019-09-25,0.2771
"275",2019-09-26,0.2904
"276",2019-09-27,0.2778
"277",2019-09-28,0.2743
"278",2019-09-29,0.274
"279",2019-09-30,0.2557
"280",2019-10-01,0.2762
"281",2019-10-02,0.2689
"282",2019-10-03,0.2574
"283",2019-10-04,0.2282
"284",2019-10-05,0.217
"285",2019-10-06,0.2409
"286",2019-10-07,0.2287
"287",2019-10-08,0.1883
"288",2019-10-09,0.2814
"289",2019-10-10,0.2506
"290",2019-10-11,0.216
"291",2019-10-12,0.2397
"292",2019-10-13,0.1988
"293",2019-10-14,0.1626
"294",2019-10-15,0.1265
"295",2019-10-16,0.1108
"296",2019-10-17,0.0887
"297",2019-10-18,0.0914
"298",2019-10-19,0.0628
"299",2019-10-20,0.0737
"300",2019-10-21,0.0699
"301",2019-10-22,0.0752
"302",2019-10-23,0.0703999999999999
"303",2019-10-24,0.0677
"304",2019-10-25,0.0831
"305",2019-10-26,0.0989
"306",2019-10-27,0.1204
"307",2019-10-28,0.1228
"308",2019-10-29,0.1283
"309",2019-10-30,0.121
"310",2019-10-31,0.1237
"311",2019-11-01,0.1154
"312",2019-11-02,0.1117
"313",2019-11-03,0.0939
"314",2019-11-04,0.0973000000000001
"315",2019-11-05,0.0792999999999999
"316",2019-11-06,0.0678
"317",2019-11-07,0.0553
"318",2019-11-08,0.0476
"319",2019-11-09,0.0844
"320",2019-11-10,0.0844
"321",2019-11-11,0.1125
"322",2019-11-12,0.1076
"323",2019-11-13,0.1432
"324",2019-11-14,0.1493
"325",2019-11-15,0.1643
"326",2019-11-16,0.1693
"327",2019-11-17,0.2019
"328",2019-11-18,0.1864
"329",2019-11-19,0.1991
"330",2019-11-20,0.2115
"331",2019-11-21,0.1966
"332",2019-11-22,0.1858
"333",2019-11-23,0.2184
"334",2019-11-24,0.2047
"335",2019-11-25,0.2136
"336",2019-11-26,0.2121
"337",2019-11-27,0.2074
"338",2019-11-28,0.1937
"339",2019-11-29,0.183
"340",2019-11-30,0.1821
"341",2019-12-01,0.2024
"342",2019-12-02,0.1701
"343",2019-12-03,0.1907
"344",2019-12-04,0.1702
"345",2019-12-05,0.1853
"346",2019-12-06,0.1862
"347",2019-12-07,0.1999
"348",2019-12-08,0.2394
"349",2019-12-09,0.256
"350",2019-12-10,0.2575
"351",2019-12-11,0.2874
"352",2019-12-12,0.3044
"353",2019-12-13,0.3142
"354",2019-12-14,0.3257
"355",2019-12-15,0.3245
"356",2019-12-16,0.2819
"357",2019-12-17,0.2959
"358",2019-12-18,0.3078
"359",2019-12-19,0.3159
"360",2019-12-20,0.3247
"361",2019-12-21,0.3199
"362",2019-12-22,0.2839
"363",2019-12-23,0.3279
"364",2019-12-24,0.3199
"365",2019-12-25,0.3153
"366",2019-12-26,0.2936
"367",2019-12-27,0.276
"368",2019-12-28,0.2717
"369",2019-12-29,0.2985
"370",2019-12-30,0.2881
"371",2019-12-31,0.2945
"372",2020-01-01,0.289
"373",2020-01-02,0.3119
"374",2020-01-03,0.3297
"375",2020-01-04,0.3449
"376",2020-01-05,0.3273
"377",2020-01-06,0.3176
"378",2020-01-07,0.2998
"379",2020-01-08,0.3276
"380",2020-01-09,0.305
"381",2020-01-10,0.3253
"382",2020-01-11,0.3161
"383",2020-01-12,0.3166
"384",2020-01-13,0.3056
"385",2020-01-14,0.3028
"386",2020-01-15,0.271
"387",2020-01-16,0.2833
"388",2020-01-17,0.2959
"389",2020-01-18,0.2907
"390",2020-01-19,0.2989
"391",2020-01-20,0.2922
"392",2020-01-21,0.2542
"393",2020-01-22,0.2697
"394",2020-01-23,0.2557
"395",2020-01-24,0.2668
"396",2020-01-25,0.2704
"397",2020-01-26,0.2588
"398",2020-01-27,0.251
"399",2020-01-28,0.2613
"400",2020-01-29,0.2488
"401",2020-01-30,0.2462
"402",2020-01-31,0.2291
"403",2020-02-01,0.2264
"404",2020-02-02,0.1924
"405",2020-02-03,0.1974
"406",2020-02-04,0.195
"407",2020-02-05,0.2266
"408",2020-02-06,0.2206
"409",2020-02-07,0.2364
"410",2020-02-08,0.2328
"411",2020-02-09,0.2532
"412",2020-02-10,0.224
"413",2020-02-11,0.2428
"414",2020-02-12,0.2459
"415",2020-02-13,0.2322
"416",2020-02-14,0.1999
"417",2020-02-15,0.2014
"418",2020-02-16,0.2202
"419",2020-02-17,0.206
"420",2020-02-18,0.2291
"421",2020-02-19,0.2295
"422",2020-02-20,0.1941
"423",2020-02-21,0.2366
"424",2020-02-22,0.2688
"425",2020-02-23,0.2888
"426",2020-02-24,0.2912
"427",2020-02-25,0.2777
"428",2020-02-26,0.261
"429",2020-02-27,0.3201
"430",2020-02-28,0.3007
"431",2020-02-29,0.2804
"432",2020-03-01,0.2564
"433",2020-03-02,0.2456
"434",2020-03-03,0.2586
"435",2020-03-04,0.2807
"436",2020-03-05,0.2602
"437",2020-03-06,0.2607
"438",2020-03-07,0.2626
"439",2020-03-08,0.2691
"440",2020-03-09,0.2764
"441",2020-03-10,0.2685
"442",2020-03-11,0.2653
"443",2020-03-12,0.3679
"444",2020-03-13,0.3516
"445",2020-03-14,0.3423
"446",2020-03-15,0.3323
"447",2020-03-16,0.3414
"448",2020-03-17,0.3255
"449",2020-03-18,0.3154
"450",2020-03-19,0.3089
"451",2020-03-20,0.3385
"452",2020-03-21,0.3341
"453",2020-03-22,0.3899
"454",2020-03-23,0.3872
"455",2020-03-24,0.3989
"456",2020-03-25,0.3928
"457",2020-03-26,0.3625
"458",2020-03-27,0.3875
"459",2020-03-28,0.3893
"460",2020-03-29,0.3814
"461",2020-03-30,0.3375
"462",2020-03-31,0.3382
"463",2020-04-01,0.4
"464",2020-04-02,0.3597
"465",2020-04-03,0.3636
"466",2020-04-04,0.3122
"467",2020-04-05,0.3616
"468",2020-04-06,0.357
"469",2020-04-07,0.3409
"470",2020-04-08,0.3426
"471",2020-04-09,0.3141
"472",2020-04-10,0.2573
"473",2020-04-11,0.3571
"474",2020-04-12,0.3881
"475",2020-04-13,0.3772
"476",2020-04-14,0.3243
"477",2020-04-15,0.2678
"478",2020-04-16,0.2587
"479",2020-04-17,0.2749
"480",2020-04-18,0.3082
"481",2020-04-19,0.2979
"482",2020-04-20,0.2153
"483",2020-04-21,0.2347
"484",2020-04-22,0.2668
"485",2020-04-23,0.2561
"486",2020-04-24,0.2495
"487",2020-04-25,0.2414
"488",2020-04-26,0.2535
"489",2020-04-27,0.2402
"490",2020-04-28,0.2189
"491",2020-04-29,0.2665
"492",2020-04-30,0.2462
"493",2020-05-01,0.2438
"494",2020-05-02,0.1989
"495",2020-05-03,0.239
"496",2020-05-04,0.1869
"497",2020-05-05,0.1991
"498",2020-05-06,0.1891
"499",2020-05-07,0.2042
"500",2020-05-08,0.2102
"501",2020-05-09,0.1842
"502",2020-05-10,0.1248
"503",2020-05-11,0.198
"504",2020-05-12,0.2177
"505",2020-05-13,0.1873
"506",2020-05-14,0.2016
"507",2020-05-15,0.1783
"508",2020-05-16,0.1496
"509",2020-05-17,0.1693
"510",2020-05-18,0.183
"511",2020-05-19,0.1754
"512",2020-05-20,0.1326
"513",2020-05-21,0.1504
"514",2020-05-22,0.141
"515",2020-05-23,0.1739
"516",2020-05-24,0.1339
"517",2020-05-25,0.1777
"518",2020-05-26,0.1946
"519",2020-05-27,0.2142
"520",2020-05-28,0.2127
"521",2020-05-29,0.1573
"522",2020-05-30,0.1156
"523",2020-05-31,0.2
"524",2020-06-01,0.2195
"525",2020-06-02,0.2347
"526",2020-06-03,0.2009
"527",2020-06-04,0.1934
"528",2020-06-05,0.22
"529",2020-06-06,0.1801
"530",2020-06-07,0.2029
"531",2020-06-08,0.2177
"532",2020-06-09,0.1652
"533",2020-06-10,0.252
"534",2020-06-11,0.2601
"535",2020-06-12,0.2423
"536",2020-06-13,0.1817
"537",2020-06-14,0.1899
"538",2020-06-15,0.1512
"539",2020-06-16,0.2211
"540",2020-06-17,0.2301
"541",2020-06-18,0.2085
"542",2020-06-19,0.1758
"543",2020-06-20,0.2662
"544",2020-06-21,0.2951
"545",2020-06-22,0.2641
"546",2020-06-23,0.2308
"547",2020-06-24,0.2188
"548",2020-06-25,0.2173
"549",2020-06-26,0.178
"550",2020-06-27,0.188
"551",2020-06-28,0.2357
"552",2020-06-29,0.2146
"553",2020-06-30,0.2496
"554",2020-07-01,0.2245
"555",2020-07-02,0.2008
"556",2020-07-03,0.2065
"557",2020-07-04,0.2041
"558",2020-07-05,0.2242
"559",2020-07-06,0.2007
"560",2020-07-07,0.1615
"561",2020-07-08,0.1705
"562",2020-07-09,0.0867
"563",2020-07-10,0.1988
"564",2020-07-11,0.1767
"565",2020-07-12,0.1913
"566",2020-07-13,0.177
"567",2020-07-14,0.1663
"568",2020-07-15,0.1654
"569",2020-07-16,0.1884
"570",2020-07-17,0.2007
"571",2020-07-18,0.1723
"572",2020-07-19,0.1653
"573",2020-07-20,0.2115
"574",2020-07-21,0.1715
"575",2020-07-22,0.1917
"576",2020-07-23,0.1686
"577",2020-07-24,0.1515
"578",2020-07-25,0.1505
"579",2020-07-26,0.211
"580",2020-07-27,0.2123
"581",2020-07-28,0.1609
"582",2020-07-29,0.1414
"583",2020-07-30,0.2079
"584",2020-07-31,0.1853
"585",2020-08-01,0.1594
"586",2020-08-02,0.1146
"587",2020-08-03,0.1585
"588",2020-08-04,0.1972
"589",2020-08-05,0.1984
"590",2020-08-06,0.1947
"591",2020-08-07,0.1677
"592",2020-08-08,0.0810000000000001
"593",2020-08-09,0.122
"594",2020-08-10,0.1565
"595",2020-08-11,0.1927
"596",2020-08-12,0.1887
"597",2020-08-13,0.1593
"598",2020-08-14,0.1224
"599",2020-08-15,0.1395
"600",2020-08-16,0.1685
"601",2020-08-17,0.1727
"602",2020-08-18,0.1219
"603",2020-08-19,0.1863
"604",2020-08-20,0.1425
"605",2020-08-21,0.1912
"606",2020-08-22,0.181
"607",2020-08-23,0.1852
"608",2020-08-24,0.2276
"609",2020-08-25,0.2092
"610",2020-08-26,0.1976
"611",2020-08-27,0.2187
"612",2020-08-28,0.1737
"613",2020-08-29,0.214
"614",2020-08-30,0.2229
"615",2020-08-31,0.1983
"616",2020-09-01,0.2395
"617",2020-09-02,0.251
"618",2020-09-03,0.2933
"619",2020-09-04,0.2948
"620",2020-09-05,0.2603
"621",2020-09-06,0.2975
"622",2020-09-07,0.2151
"623",2020-09-08,0.3218
"624",2020-09-09,0.3293
"625",2020-09-10,0.2923
"626",2020-09-11,0.2153
"627",2020-09-12,0.2628
"628",2020-09-13,0.2854
"629",2020-09-14,0.293
"630",2020-09-15,0.3066
"631",2020-09-16,0.2695
"632",2020-09-17,0.2421
"633",2020-09-18,0.2508
"634",2020-09-19,0.2481
"635",2020-09-20,0.2801
"636",2020-09-21,0.2572
"637",2020-09-22,0.2036
"638",2020-09-23,0.2522
"639",2020-09-24,0.2344
"640",2020-09-25,0.2254
"641",2020-09-26,0.213
"642",2020-09-27,0.189
"643",2020-09-28,0.2808
"644",2020-09-29,0.28
"645",2020-09-30,0.2784
"646",2020-10-01,0.2123
"647",2020-10-02,0.225
"648",2020-10-03,0.1819
"649",2020-10-04,0.2075
"650",2020-10-05,0.21
"651",2020-10-06,0.2041
"652",2020-10-07,0.1538
"653",2020-10-08,0.2009
"654",2020-10-09,0.2212
"655",2020-10-10,0.2059
"656",2020-10-11,0.2158
"657",2020-10-12,0.1834
"658",2020-10-13,0.138
"659",2020-10-14,0.1341
"660",2020-10-15,0.2082
"661",2020-10-16,0.185
"662",2020-10-17,0.131
"663",2020-10-18,0.2136
"664",2020-10-19,0.1874
"665",2020-10-20,0.1602
"666",2020-10-21,0.149
"667",2020-10-22,0.1663
"668",2020-10-23,0.2076
"669",2020-10-24,0.1784
"670",2020-10-25,0.1475
"671",2020-10-26,0.1887
"672",2020-10-27,0.1255
"673",2020-10-28,0.1907
"674",2020-10-29,0.1629
"675",2020-10-30,0.1533
"676",2020-10-31,0.1341
"677",2020-11-01,0.1637
"678",2020-11-02,0.2119
"679",2020-11-03,0.2098
"680",2020-11-04,0.2171
"681",2020-11-05,0.167
"682",2020-11-06,0.1009
"683",2020-11-07,0.1735
"684",2020-11-08,0.1905
"685",2020-11-09,0.1593
"686",2020-11-10,0.1597
"687",2020-11-11,0.1557
"688",2020-11-12,0.1563
"689",2020-11-13,0.1567
"690",2020-11-14,0.1549
"691",2020-11-15,0.1993
"692",2020-11-16,0.1439
"693",2020-11-17,0.2213
"694",2020-11-18,0.2124
"695",2020-11-19,0.2389
"696",2020-11-20,0.2307
"697",2020-11-21,0.1785
"698",2020-11-22,0.2098
"699",2020-11-23,0.243
"700",2020-11-24,0.2609
"701",2020-11-25,0.2578
"702",2020-11-26,0.2011
"703",2020-11-27,0.209
"704",2020-11-28,0.2292
"705",2020-11-29,0.228
"706",2020-11-30,0.1891
"707",2020-12-01,0.2142
"708",2020-12-02,0.2624
"709",2020-12-03,0.2694
"710",2020-12-04,0.2824
"711",2020-12-05,0.2624
"712",2020-12-06,0.2424
"713",2020-12-07,0.2967
"714",2020-12-08,0.2735
"715",2020-12-09,0.2784
"716",2020-12-10,0.2768
"717",2020-12-11,0.2543
"718",2020-12-12,0.22
"719",2020-12-13,0.2494
"720",2020-12-14,0.2703
"721",2020-12-15,0.2471
"722",2020-12-16,0.2249
"723",2020-12-17,0.2773
"724",2020-12-18,0.228
"725",2020-12-19,0.1835
"726",2020-12-20,0.1918
"727",2020-12-21,0.1707
"728",2020-12-22,0.2006
"729",2020-12-23,0.1571
"730",2020-12-24,0.1134
"731",2020-12-25,0.1461
"732",2020-12-26,0.0996
"733",2020-12-27,0.1537
"734",2020-12-28,0.1297
"735",2020-12-29,0.1009
"736",2020-12-30,0.0736
"737",2020-12-31,0.0676
"738",2021-01-01,0.0854999999999999
"739",2021-01-02,0.0869000000000001
"740",2021-01-03,0.0895
"741",2021-01-04,0.0751000000000001
"742",2021-01-05,0.0613
"743",2021-01-06,0.0817
"744",2021-01-07,0.0898
"745",2021-01-08,0.0659999999999999
"746",2021-01-09,0.0578000000000001
"747",2021-01-10,0.0614
"748",2021-01-11,0.0637
"749",2021-01-12,0.0688
"750",2021-01-13,0.0828
"751",2021-01-14,0.0862000000000001
"752",2021-01-15,0.0556
"753",2021-01-16,0.0868000000000001
"754",2021-01-17,0.0549000000000001
"755",2021-01-18,0.0796
"756",2021-01-19,0.0683
"757",2021-01-20,0.0650000000000001
"758",2021-01-21,0.0863
"759",2021-01-22,0.0998
"760",2021-01-23,0.1262
"761",2021-01-24,0.1374
"762",2021-01-25,0.1012
"763",2021-01-26,0.1188
"764",2021-01-27,0.1711
"765",2021-01-28,0.1494
"766",2021-01-29,0.1386
"767",2021-01-30,0.131
"768",2021-01-31,0.1499
"769",2021-02-01,0.1093
"770",2021-02-02,0.1149
"771",2021-02-03,0.1296
"772",2021-02-04,0.0899
"773",2021-02-05,0.1334
"774",2021-02-06,0.1252
"775",2021-02-07,0.1047
"776",2021-02-08,0.0916
"777",2021-02-09,0.1106
"778",2021-02-10,0.1055
"779",2021-02-11,0.0968
"780",2021-02-12,0.0802999999999999
"781",2021-02-13,0.0918
"782",2021-02-14,0.0741000000000001
"783",2021-02-15,0.1236
"784",2021-02-16,0.1231
"785",2021-02-17,0.1184
"786",2021-02-18,0.1445
"787",2021-02-19,0.1614
"788",2021-02-20,0.2506
"789",2021-02-21,0.26
"790",2021-02-22,0.2858
"791",2021-02-23,0.2574
"792",2021-02-24,0.2655
"793",2021-02-25,0.3028
"794",2021-02-26,0.3272
"795",2021-02-27,0.3277
"796",2021-02-28,0.3785
"797",2021-03-01,0.437
"798",2021-03-02,0.4899
"799",2021-03-03,0.5034
"800",2021-03-04,0.4864
"801",2021-03-05,0.4264
"802",2021-03-06,0.2401
"803",2021-03-07,0.26
"804",2021-03-08,0.2455
"805",2021-03-09,0.2403
"806",2021-03-10,0.2575
"807",2021-03-11,0.2397
"808",2021-03-12,0.2688
"809",2021-03-13,0.2506
"810",2021-03-14,0.2675
"811",2021-03-15,0.2621
"812",2021-03-16,0.263
"813",2021-03-17,0.2617
"814",2021-03-18,0.2392
"815",2021-03-19,0.2207
"816",2021-03-20,0.235
"817",2021-03-21,0.2137
"818",2021-03-22,0.2437
"819",2021-03-23,0.219
"820",2021-03-24,0.2198
"821",2021-03-25,0.2399
"822",2021-03-26,0.2294
"823",2021-03-27,0.2347
"824",2021-03-28,0.23
"825",2021-03-29,0.1921
"826",2021-03-30,0.1616
"827",2021-03-31,0.1479
"828",2021-04-01,0.1739
"829",2021-04-02,0.1676
"830",2021-04-03,0.1889
"831",2021-04-04,0.1915
"832",2021-04-05,0.1856
"833",2021-04-06,0.1882
"834",2021-04-07,0.1864
"835",2021-04-08,0.1348
"836",2021-04-09,0.1294
"837",2021-04-10,0.1157
"838",2021-04-11,0.1388
"839",2021-04-12,0.118
"840",2021-04-13,0.1469
"841",2021-04-14,0.1578
"842",2021-04-15,0.1471
"843",2021-04-16,0.1694
"844",2021-04-17,0.1701
"845",2021-04-18,0.1523
"846",2021-04-19,0.1204
"847",2021-04-20,0.1011
"848",2021-04-21,0.1563
"849",2021-04-22,0.1729
"850",2021-04-23,0.1547
"851",2021-04-24,0.1432
"852",2021-04-25,0.1467
"853",2021-04-26,0.1755
"854",2021-04-27,0.2137
"855",2021-04-28,0.2125
"856",2021-04-29,0.2308
"857",2021-04-30,0.2226
"858",2021-05-01,0.2574
"859",2021-05-02,0.2297
"860",2021-05-03,0.2433
"861",2021-05-04,0.2411
"862",2021-05-05,0.2417
"863",2021-05-06,0.2591
"864",2021-05-07,0.2316
"865",2021-05-08,0.2176
"866",2021-05-09,0.2479
"867",2021-05-10,0.2328
"868",2021-05-11,0.2636
"869",2021-05-12,0.2567
"870",2021-05-13,0.29
"871",2021-05-14,0.283
"872",2021-05-15,0.2761
"873",2021-05-16,0.2789
"874",2021-05-17,0.2609
"875",2021-05-18,0.2291
"876",2021-05-19,0.2749
"877",2021-05-20,0.2569
"878",2021-05-21,0.2846
"879",2021-05-22,0.2731
"880",2021-05-23,0.299
"881",2021-05-24,0.3629
"882",2021-05-25,0.3649
"883",2021-05-26,0.4012
"884",2021-05-27,0.4089
"885",2021-05-28,0.4215
"886",2021-05-29,0.4191
"887",2021-05-30,0.4058
"888",2021-05-31,0.4334
"889",2021-06-01,0.3973
"890",2021-06-02,0.3904
"891",2021-06-03,0.397
"892",2021-06-04,0.4028
"893",2021-06-05,0.4357
"894",2021-06-06,0.4252
"895",2021-06-07,0.3692
"896",2021-06-08,0.3852
"897",2021-06-09,0.3407
"898",2021-06-10,0.3534
"899",2021-06-11,0.3173
"900",2021-06-12,0.3379
"901",2021-06-13,0.3168
"902",2021-06-14,0.3125
"903",2021-06-15,0.2951
"904",2021-06-16,0.2706
"905",2021-06-17,0.2766
"906",2021-06-18,0.2946
"907",2021-06-19,0.2816
"908",2021-06-20,0.3039
"909",2021-06-21,0.2852
"910",2021-06-22,0.2328
"911",2021-06-23,0.2103
"912",2021-06-24,0.169
"913",2021-06-25,0.1679
"914",2021-06-26,0.1678
"915",2021-06-27,0.142
"916",2021-06-28,0.1348
"917",2021-06-29,0.1168
"918",2021-06-30,0.1873
"919",2021-07-01,0.137
"920",2021-07-02,0.1504
"921",2021-07-03,0.1441
"922",2021-07-04,0.1189
"923",2021-07-05,0.0976
"924",2021-07-06,0.1009
"925",2021-07-07,0.0859
"926",2021-07-08,0.09
"927",2021-07-09,0.0866
"928",2021-07-10,0.1148
"929",2021-07-11,0.1213
"930",2021-07-12,0.1095
"931",2021-07-13,0.0986
"932",2021-07-14,0.1181
"933",2021-07-15,0.1284
"934",2021-07-16,0.132
"935",2021-07-17,0.1314
"936",2021-07-18,0.1281
"937",2021-07-19,0.1074
"938",2021-07-20,0.1274
"939",2021-07-21,0.1167
"940",2021-07-22,0.1132
"941",2021-07-23,0.1154
"942",2021-07-24,0.1174
"943",2021-07-25,0.1219
"944",2021-07-26,0.1167
"945",2021-07-27,0.0967999999999999
"946",2021-07-28,0.0936
"947",2021-07-29,0.079
"948",2021-07-30,0.1093
"949",2021-07-31,0.0915
"950",2021-08-01,0.1384
"951",2021-08-02,0.1349
"952",2021-08-03,0.1252
"953",2021-08-04,0.1642
"954",2021-08-05,0.1667
"955",2021-08-06,0.1675
"956",2021-08-07,0.201
"957",2021-08-08,0.2103
"958",2021-08-09,0.2272
"959",2021-08-10,0.2218
"960",2021-08-11,0.2179
"961",2021-08-12,0.2039
"962",2021-08-13,0.2215
"963",2021-08-14,0.2142
"964",2021-08-15,0.2098
"965",2021-08-16,0.2282
"966",2021-08-17,0.2555
"967",2021-08-18,0.2366
"968",2021-08-19,0.2787
"969",2021-08-20,0.27
"970",2021-08-21,0.2856
"971",2021-08-22,0.2643
"972",2021-08-23,0.2686
"973",2021-08-24,0.2851
"974",2021-08-25,0.2896
"975",2021-08-26,0.2775
"976",2021-08-27,0.2438
"977",2021-08-28,0.2052
"978",2021-08-29,0.2202
"979",2021-08-30,0.2081
"980",2021-08-31,0.192
"981",2021-09-01,0.1968
"982",2021-09-02,0.1796
"983",2021-09-03,0.2086
"984",2021-09-04,0.2179
"985",2021-09-05,0.2023
"986",2021-09-06,0.2277
"987",2021-09-07,0.203
"988",2021-09-08,0.2148
"989",2021-09-09,0.2078
"990",2021-09-10,0.2076
"991",2021-09-11,0.1938
"992",2021-09-12,0.185
"993",2021-09-13,0.139
"994",2021-09-14,0.1271
"995",2021-09-15,0.1052
"996",2021-09-16,0.1171
"997",2021-09-17,0.1081
"998",2021-09-18,0.1987
"999",2021-09-19,0.1852
"1000",2021-09-20,0.1397
"1001",2021-09-21,0.1207
"1002",2021-09-22,0.102
"1003",2021-09-23,0.094
"1004",2021-09-24,0.0916
"1005",2021-09-25,0.0878
"1006",2021-09-26,0.0869
"1007",2021-09-27,0.0755
"1008",2021-09-28,0.0866
"1009",2021-09-29,0.0893
"1010",2021-09-30,0.0877
"1011",2021-10-01,0.0944
"1012",2021-10-02,0.1264
"1013",2021-10-03,0.1436
"1014",2021-10-04,0.1332
"1015",2021-10-05,0.1062
"1016",2021-10-06,0.1033
"1017",2021-10-07,0.0833
"1018",2021-10-08,0.1141
"1019",2021-10-09,0.12
"1020",2021-10-10,0.1343
"1021",2021-10-11,0.136
"1022",2021-10-12,0.1493
"1023",2021-10-13,0.182
"1024",2021-10-14,0.1703
"1025",2021-10-15,0.2114
"1026",2021-10-16,0.2199
"1027",2021-10-17,0.2029
"1028",2021-10-18,0.2302
"1029",2021-10-19,0.222
"1030",2021-10-20,0.2258
"1031",2021-10-21,0.2331
"1032",2021-10-22,0.2509
"1033",2021-10-23,0.2572
"1034",2021-10-24,0.2979
"1035",2021-10-25,0.2821
"1036",2021-10-26,0.2704
"1037",2021-10-27,0.2401
"1038",2021-10-28,0.288
"1039",2021-10-29,0.2702
"1040",2021-10-30,0.2732
"1041",2021-10-31,0.2887
"1042",2021-11-01,0.283
"1043",2021-11-02,0.2826
"1044",2021-11-03,0.2687
"1045",2021-11-04,0.2837
"1046",2021-11-05,0.3007
"1047",2021-11-06,0.3132
"1048",2021-11-07,0.3041
"1049",2021-11-08,0.3198
"1050",2021-11-09,0.315
"1051",2021-11-10,0.343
"1052",2021-11-11,0.3221
"1053",2021-11-12,0.3229
"1054",2021-11-13,0.3196
"1055",2021-11-14,0.3001
"1056",2021-11-15,0.3213
"1057",2021-11-16,0.3116
"1058",2021-11-17,0.3734
"1059",2021-11-18,0.3333
"1060",2021-11-19,0.3353
"1061",2021-11-20,0.3384
"1062",2021-11-21,0.3398
"1063",2021-11-22,0.3532
"1064",2021-11-23,0.3713
"1065",2021-11-24,0.3384
"1066",2021-11-25,0.3258
"1067",2021-11-26,0.3322
"1068",2021-11-27,0.3559
"1069",2021-11-28,0.3438
"1070",2021-11-29,0.3382
"1071",2021-11-30,0.3435
"1072",2021-12-01,0.3224
"1073",2021-12-02,0.335
"1074",2021-12-03,0.3418
"1075",2021-12-04,0.3319
"1076",2021-12-05,0.323
"1077",2021-12-06,0.3326
"1078",2021-12-07,0.3459
"1079",2021-12-08,0.3175
"1080",2021-12-09,0.3167
"1081",2021-12-10,0.2669
"1082",2021-12-11,0.2869
"1083",2021-12-12,0.2911
"1084",2021-12-13,0.2764
"1085",2021-12-14,0.2613
"1086",2021-12-15,0.2513
"1087",2021-12-16,0.242
"1088",2021-12-17,0.2681
"1089",2021-12-18,0.2851
"1090",2021-12-19,0.3111
"1091",2021-12-20,0.2974
"1092",2021-12-21,0.2668
"1093",2021-12-22,0.2816
"1094",2021-12-23,0.2983
"1095",2021-12-24,0.283
"1096",2021-12-25,0.2963
"1097",2021-12-26,0.3072
"1098",2021-12-27,0.3047
"1099",2021-12-28,0.2462
"1100",2021-12-29,0.2525
"1101",2021-12-30,0.2472
"1102",2021-12-31,0.2429
"1103",2022-01-01,0.2524
"1104",2022-01-02,0.2423
"1105",2022-01-03,0.2256
"1106",2022-01-04,0.25
"1107",2022-01-05,0.2367
"1108",2022-01-06,0.2285
"1109",2022-01-07,0.194
"1110",2022-01-08,0.2086
"1111",2022-01-09,0.2182
"1112",2022-01-10,0.2022
"1113",2022-01-11,0.2175
"1114",2022-01-12,0.19
"1115",2022-01-13,0.1856
"1116",2022-01-14,0.2307
"1117",2022-01-15,0.2125
"1118",2022-01-16,0.2213
"1119",2022-01-17,0.2036
"1120",2022-01-18,0.1766
"1121",2022-01-19,0.1776
"1122",2022-01-20,0.2129
"1123",2022-01-21,0.1999
"1124",2022-01-22,0.2125
"1125",2022-01-23,0.192
"1126",2022-01-24,0.2131
"1127",2022-01-25,0.2238
"1128",2022-01-26,0.2347
"1129",2022-01-27,0.2072
"1130",2022-01-28,0.2112
"1131",2022-01-29,0.227
"1132",2022-01-30,0.2252
"1133",2022-01-31,0.2454
"1134",2022-02-01,0.2312
"1135",2022-02-02,0.2322
"1136",2022-02-03,0.2208
"1137",2022-02-04,0.2048
"1138",2022-02-05,0.2261
"1139",2022-02-06,0.21
"1140",2022-02-07,0.2068
"1141",2022-02-08,0.2128
"1142",2022-02-09,0.2457
"1143",2022-02-10,0.2521
"1144",2022-02-11,0.2608
"1145",2022-02-12,0.2611
"1146",2022-02-13,0.293
"1147",2022-02-14,0.2467
"1148",2022-02-15,0.256
"1149",2022-02-16,0.2419
"1150",2022-02-17,0.2385
"1151",2022-02-18,0.2154
"1152",2022-02-19,0.2334
"1153",2022-02-20,0.2395
"1154",2022-02-21,0.2673
"1155",2022-02-22,0.2865
"1156",2022-02-23,0.2608
"1157",2022-02-24,0.2659
"1158",2022-02-25,0.2782
"1159",2022-02-26,0.258
"1160",2022-02-27,0.2444
"1161",2022-02-28,0.2405
"1162",2022-03-01,0.2249
"1163",2022-03-02,0.2352
"1164",2022-03-03,0.2323
"1165",2022-03-04,0.1972
"1166",2022-03-05,0.2357
"1167",2022-03-06,0.2338
"1168",2022-03-07,0.2592
"1169",2022-03-08,0.2112
"1170",2022-03-09,0.2185
"1171",2022-03-10,0.2181
"1172",2022-03-11,0.2141
"1173",2022-03-12,0.202
"1174",2022-03-13,0.1867
"1175",2022-03-14,0.1489
"1176",2022-03-15,0.1671
"1177",2022-03-16,0.1749
"1178",2022-03-17,0.2029
"1179",2022-03-18,0.1832
"1180",2022-03-19,0.1493
"1181",2022-03-20,0.1589
"1182",2022-03-21,0.1538
"1183",2022-03-22,0.151
"1184",2022-03-23,0.1472
"1185",2022-03-24,0.1283
"1186",2022-03-25,0.1316
"1187",2022-03-26,0.1245
"1188",2022-03-27,0.1611
"1189",2022-03-28,0.1279
"1190",2022-03-29,0.1515
"1191",2022-03-30,0.1502
"1192",2022-03-31,0.1353
"1193",2022-04-01,0.1344
"1194",2022-04-02,0.1698
"1195",2022-04-03,0.1314
"1196",2022-04-04,0.1426
"1197",2022-04-05,0.1348
"1198",2022-04-06,0.1471
"1199",2022-04-07,0.1562
"1200",2022-04-08,0.1702
"1201",2022-04-09,0.1589
"1202",2022-04-10,0.1605
"1203",2022-04-11,0.1818
"1204",2022-04-12,0.1878
"1205",2022-04-13,0.1953
"1206",2022-04-14,0.2279
"1207",2022-04-15,0.2266
"1208",2022-04-16,0.2282
"1209",2022-04-17,0.2292
"1210",2022-04-18,0.2907
"1211",2022-04-19,0.3013
"1212",2022-04-20,0.3171
"1213",2022-04-21,0.319
"1214",2022-04-22,0.3529
"1215",2022-04-23,0.369
"1216",2022-04-24,0.3785
"1217",2022-04-25,0.3842
"1218",2022-04-26,0.3871
"1219",2022-04-27,0.3561
"1220",2022-04-28,0.3793
"1221",2022-04-29,0.3631
"1222",2022-04-30,0.3324
"1223",2022-05-01,0.3364
"1224",2022-05-02,0.3023
"1225",2022-05-03,0.2914
"1226",2022-05-04,0.3201
"1227",2022-05-05,0.3411
"1228",2022-05-06,0.3482
"1229",2022-05-07,0.3435
"1230",2022-05-08,0.3723
"1231",2022-05-09,0.3695
"1232",2022-05-10,0.3798
"1233",2022-05-11,0.3754
"1234",2022-05-12,0.3401
"1235",2022-05-13,0.257
"1236",2022-05-14,0.2621
"1237",2022-05-15,0.2591
"1238",2022-05-16,0.2601
"1239",2022-05-17,0.2405
"1240",2022-05-18,0.211
"1241",2022-05-19,0.1972
"1242",2022-05-20,0.1809
"1243",2022-05-21,0.1822
"1244",2022-05-22,0.1766
"1245",2022-05-23,0.1849
"1246",2022-05-24,0.1724
"1247",2022-05-25,0.1728
"1248",2022-05-26,0.1724
"1249",2022-05-27,0.1526
"1250",2022-05-28,0.1692
"1251",2022-05-29,0.1721
"1252",2022-05-30,0.1457
"1253",2022-05-31,0.1568
"1254",2022-06-01,0.1791
"1255",2022-06-02,0.1645
"1256",2022-06-03,0.1757
"1257",2022-06-04,0.1832
"1258",2022-06-05,0.1917
"1259",2022-06-06,0.2113
"1260",2022-06-07,0.2196
"1261",2022-06-08,0.2202
"1262",2022-06-09,0.2319
"1263",2022-06-10,0.2362
"1264",2022-06-11,0.2299
"1265",2022-06-12,0.2474
"1266",2022-06-13,0.2623
"1267",2022-06-14,0.2723
"1268",2022-06-15,0.2562
"1269",2022-06-16,0.2572
"1270",2022-06-17,0.2812
"1271",2022-06-18,0.2703
"1272",2022-06-19,0.2561
"1273",2022-06-20,0.2406
"1274",2022-06-21,0.2523
"1275",2022-06-22,0.2763
"1276",2022-06-23,0.3148
"1277",2022-06-24,0.319
"1278",2022-06-25,0.324
"1279",2022-06-26,0.2923
"1280",2022-06-27,0.2999
"1281",2022-06-28,0.3209
"1282",2022-06-29,0.3076
"1283",2022-06-30,0.3099
"1284",2022-07-01,0.3109
"1285",2022-07-02,0.3122
"1286",2022-07-03,0.3102
"1287",2022-07-04,0.3264
"1288",2022-07-05,0.3049
"1289",2022-07-06,0.2986
"1290",2022-07-07,0.2993
"1291",2022-07-08,0.285
"1292",2022-07-09,0.2708
"1293",2022-07-10,0.2765
"1294",2022-07-11,0.2593
"1295",2022-07-12,0.2648
"1296",2022-07-13,0.2918
"1297",2022-07-14,0.308
"1298",2022-07-15,0.365
"1299",2022-07-16,0.3352
"1300",2022-07-17,0.3358
"1301",2022-07-18,0.3213
"1302",2022-07-19,0.3063
"1303",2022-07-20,0.2944
"1304",2022-07-21,0.2945
"1305",2022-07-22,0.2631
"1306",2022-07-23,0.2611
"1307",2022-07-24,0.2733
"1308",2022-07-25,0.2763
"1309",2022-07-26,0.2788
"1310",2022-07-27,0.2694
"1311",2022-07-28,0.2711
"1312",2022-07-29,0.2513
"1313",2022-07-30,0.2592
"1314",2022-07-31,0.2847
"1315",2022-08-01,0.2745
"1316",2022-08-02,0.2436
"1317",2022-08-03,0.2402
"1318",2022-08-04,0.2171
"1319",2022-08-05,0.1952
"1320",2022-08-06,0.2102
"1321",2022-08-07,0.1918
"1322",2022-08-08,0.1901
"1323",2022-08-09,0.2057
"1324",2022-08-10,0.2033
"1325",2022-08-11,0.2107
"1326",2022-08-12,0.2125
"1327",2022-08-13,0.1916
"1328",2022-08-14,0.173
"1329",2022-08-15,0.1549
"1330",2022-08-16,0.1704
"1331",2022-08-17,0.1891
"1332",2022-08-18,0.1874
"1333",2022-08-19,0.1865
"1334",2022-08-20,0.1761
"1335",2022-08-21,0.1799
"1336",2022-08-22,0.1921
"1337",2022-08-23,0.2012
"1338",2022-08-24,0.1871
"1339",2022-08-25,0.1554
"1340",2022-08-26,0.1763
"1341",2022-08-27,0.1916
"1342",2022-08-28,0.1881
"1343",2022-08-29,0.1725
"1344",2022-08-30,0.1715
"1345",2022-08-31,0.1695
"1346",2022-09-01,0.1807
"1347",2022-09-02,0.1992
"1348",2022-09-03,0.1855
"1349",2022-09-04,0.1775
"1350",2022-09-05,0.1953
"1351",2022-09-06,0.1812
"1352",2022-09-07,0.1817
"1353",2022-09-08,0.2143
"1354",2022-09-09,0.2055
"1355",2022-09-10,0.1932
"1356",2022-09-11,0.2059
"1357",2022-09-12,0.2137
"1358",2022-09-13,0.2046
"1359",2022-09-14,0.2088
"1360",2022-09-15,0.2241
"1361",2022-09-16,0.2158
"1362",2022-09-17,0.211
"1363",2022-09-18,0.2215
"1364",2022-09-19,0.24
"1365",2022-09-20,0.2317
"1366",2022-09-21,0.248
"1367",2022-09-22,0.26
"1368",2022-09-23,0.2448
"1369",2022-09-24,0.237
"1370",2022-09-25,0.249
"1371",2022-09-26,0.2423
"1372",2022-09-27,0.2345
"1373",2022-09-28,0.2496
"1374",2022-09-29,0.2695
"1375",2022-09-30,0.2619
"1376",2022-10-01,0.2487
"1377",2022-10-02,0.2495
"1378",2022-10-03,0.2321
"1379",2022-10-04,0.2383
"1380",2022-10-05,0.2653
"1381",2022-10-06,0.2529
"1382",2022-10-07,0.2294
"1383",2022-10-08,0.2218
"1384",2022-10-09,0.2144
"1385",2022-10-10,0.2092
"1386",2022-10-11,0.2491
"1387",2022-10-12,0.2301
"1388",2022-10-13,0.2246
"1389",2022-10-14,0.2047
"1390",2022-10-15,0.2268
"1391",2022-10-16,0.2074
"1392",2022-10-17,0.1834
"1393",2022-10-18,0.1734
"1394",2022-10-19,0.1657
"1395",2022-10-20,0.1737
"1396",2022-10-21,0.2014
"1397",2022-10-22,0.2079
"1398",2022-10-23,0.1903
"1399",2022-10-24,0.1804
"1400",2022-10-25,0.1603
"1401",2022-10-26,0.162
"1402",2022-10-27,0.1751
"1403",2022-10-28,0.1695
"1404",2022-10-29,0.1691
"1405",2022-10-30,0.1837
"1406",2022-10-31,0.1992
"1407",2022-11-01,0.2175
"1408",2022-11-02,0.2269
"1409",2022-11-03,0.215
"1410",2022-11-04,0.2171
"1411",2022-11-05,0.2107
"1412",2022-11-06,0.2173
"1413",2022-11-07,0.2388
"1414",2022-11-08,0.2599
"1415",2022-11-09,0.2539
"1416",2022-11-10,0.2586
"1417",2022-11-11,0.2647
"1418",2022-11-12,0.2852
"1419",2022-11-13,0.2913
"1420",2022-11-14,0.282
"1421",2022-11-15,0.2695
"1422",2022-11-16,0.2553
"1423",2022-11-17,0.2595
"1424",2022-11-18,0.2556
"1425",2022-11-19,0.2701
"1426",2022-11-20,0.2905
"1427",2022-11-21,0.289
"1428",2022-11-22,0.2858
"1429",2022-11-23,0.3023
"1430",2022-11-24,0.3145
"1431",2022-11-25,0.3088
"1432",2022-11-26,0.2882
"1433",2022-11-27,0.2896
"1434",2022-11-28,0.3036
"1435",2022-11-29,0.2919
"1436",2022-11-30,0.2895
"1437",2022-12-01,0.2975
"1438",2022-12-02,0.3115
"1439",2022-12-03,0.3131
"1440",2022-12-04,0.3271
"1441",2022-12-05,0.3353
"1442",2022-12-06,0.3205
"1443",2022-12-07,0.3119
"1444",2022-12-08,0.3187
"1445",2022-12-09,0.3365
"1446",2022-12-10,0.3359
"1447",2022-12-11,0.3413
"1448",2022-12-12,0.3168
"1449",2022-12-13,0.3173
"1450",2022-12-14,0.3442
"1451",2022-12-15,0.3671
"1452",2022-12-16,0.3535
"1453",2022-12-17,0.3433
"1454",2022-12-18,0.3261
"1455",2022-12-19,0.3328
"1456",2022-12-20,0.3569
"1457",2022-12-21,0.3636
"1458",2022-12-22,0.3643
"1459",2022-12-23,0.3531
"1460",2022-12-24,0.3495
"1461",2022-12-25,0.3348
"1462",2022-12-26,0.3433
"1463",2022-12-27,0.3451
"1464",2022-12-28,0.3344
"1465",2022-12-29,0.3549
"1466",2022-12-30,0.3574
"1467",2022-12-31,0.4045
"1468",2023-01-01,0.4161
"1469",2023-01-02,0.4214
"1470",2023-01-03,0.4481
"1471",2023-01-04,0.4269
"1472",2023-01-05,0.3875
"1473",2023-01-06,0.3842
"1474",2023-01-07,0.4134
"1475",2023-01-08,0.4493
"1476",2023-01-09,0.4457
"1477",2023-01-10,0.472
"1478",2023-01-11,0.4587
"1479",2023-01-12,0.4663
"1480",2023-01-13,0.4344
"1481",2023-01-14,0.4036
"1482",2023-01-15,0.3835
"1483",2023-01-16,0.3795
"1484",2023-01-17,0.3833
"1485",2023-01-18,0.4294
"1486",2023-01-19,0.4301
"1487",2023-01-20,0.4345
"1488",2023-01-21,0.4001
"1489",2023-01-22,0.4014
"1490",2023-01-23,0.4048
"1491",2023-01-24,0.4006
"1492",2023-01-25,0.4015
"1493",2023-01-26,0.3989
"1494",2023-01-27,0.3894
"1495",2023-01-28,0.3814
"1496",2023-01-29,0.3785
"1497",2023-01-30,0.3629
"1498",2023-01-31,0.3612
"1499",2023-02-01,0.3558
"1500",2023-02-02,0.3648
"1501",2023-02-03,0.3477
"1502",2023-02-04,0.3381
"1503",2023-02-05,0.3769
"1504",2023-02-06,0.3661
"1505",2023-02-07,0.3753
"1506",2023-02-08,0.3675
"1507",2023-02-09,0.3853
"1508",2023-02-10,0.3418
"1509",2023-02-11,0.3158
"1510",2023-02-12,0.3168
"1511",2023-02-13,0.3284
"1512",2023-02-14,0.305
"1513",2023-02-15,0.2913
"1514",2023-02-16,0.2937
"1515",2023-02-17,0.3441
"1516",2023-02-18,0.349
"1517",2023-02-19,0.3499
"1518",2023-02-20,0.3332
"1519",2023-02-21,0.2918
"1520",2023-02-22,0.2605
"1521",2023-02-23,0.2513
"1522",2023-02-24,0.2718
"1523",2023-02-25,0.2764
"1524",2023-02-26,0.2755
"1525",2023-02-27,0.2982
"1526",2023-02-28,0.295
"1527",2023-03-01,0.2965
"1528",2023-03-02,0.3042
"1529",2023-03-03,0.3163
"1530",2023-03-04,0.3244
"1531",2023-03-05,0.2947
"1532",2023-03-06,0.2628
"1533",2023-03-07,0.2674
"1534",2023-03-08,0.2843
"1535",2023-03-09,0.3366
"1536",2023-03-10,0.3476
"1537",2023-03-11,0.3409
"1538",2023-03-12,0.3295
"1539",2023-03-13,0.3265
"1540",2023-03-14,0.3443
"1541",2023-03-15,0.3493
"1542",2023-03-16,0.3639
"1543",2023-03-17,0.332
"1544",2023-03-18,0.3198
"1545",2023-03-19,0.3292
"1546",2023-03-20,0.341
"1547",2023-03-21,0.3629
"1548",2023-03-22,0.3478
"1549",2023-03-23,0.368
"1550",2023-03-24,0.3614
"1551",2023-03-25,0.3755
"1552",2023-03-26,0.3602
"1553",2023-03-27,0.3336
"1554",2023-03-28,0.3353
"1555",2023-03-29,0.3759
"1556",2023-03-30,0.3731
"1557",2023-03-31,0.3925
"1558",2023-04-01,0.3964
"1559",2023-04-02,0.3977
"1560",2023-04-03,0.3918
"1561",2023-04-04,0.3863
"1562",2023-04-05,0.3901
"1563",2023-04-06,0.4022
"1564",2023-04-07,0.4057
"1565",2023-04-08,0.3847
"1566",2023-04-09,0.3973
"1567",2023-04-10,0.3978
"1568",2023-04-11,0.4085
"1569",2023-04-12,0.3999
"1570",2023-04-13,0.3988
"1571",2023-04-14,0.3956
"1572",2023-04-15,0.3836
"1573",2023-04-16,0.3979
"1574",2023-04-17,0.3829
"1575",2023-04-18,0.4057
"1576",2023-04-19,0.3698
"1577",2023-04-20,0.4065
"1578",2023-04-21,0.3738
"1579",2023-04-22,0.3268
"1580",2023-04-23,0.3024
"1581",2023-04-24,0.2949
"1582",2023-04-25,0.2858
"1583",2023-04-26,0.2884
"1584",2023-04-27,0.2714
"1585",2023-04-28,0.2812
"1586",2023-04-29,0.2778
"1587",2023-04-30,0.2812
"1588",2023-05-01,0.2732
"1589",2023-05-02,0.2417
"1590",2023-05-03,0.2329
"1591",2023-05-04,0.2071
"1592",2023-05-05,0.167
"1593",2023-05-06,0.1447
"1594",2023-05-07,0.1688
"1595",2023-05-08,0.1782
"1596",2023-05-09,0.148
"1597",2023-05-10,0.1394
"1598",2023-05-11,0.1066
"1599",2023-05-12,0.1193
"1600",2023-05-13,0.1001
"1601",2023-05-14,0.0997
"1602",2023-05-15,0.1002
"1603",2023-05-16,0.0966999999999999
"1604",2023-05-17,0.0932000000000001
"1605",2023-05-18,0.1191
"1606",2023-05-19,0.133
"1607",2023-05-20,0.1505
"1608",2023-05-21,0.1335
"1609",2023-05-22,0.1329
"1610",2023-05-23,0.0952000000000001
"1611",2023-05-24,0.1039
"1612",2023-05-25,0.1341
"1613",2023-05-26,0.1544
"1614",2023-05-27,0.1777
"1615",2023-05-28,0.1767
"1616",2023-05-29,0.2128
"1617",2023-05-30,0.2584
"1618",2023-05-31,0.2737
"1619",2023-06-01,0.3323
"1620",2023-06-02,0.3699
"1621",2023-06-03,0.435
"1622",2023-06-04,0.4447
"1623",2023-06-05,0.4202
"1624",2023-06-06,0.422
"1625",2023-06-07,0.4102
"1626",2023-06-08,0.4042
"1627",2023-06-09,0.4229
"1628",2023-06-10,0.404
"1629",2023-06-11,0.3964
"1630",2023-06-12,0.3831
"1631",2023-06-13,0.3916
"1632",2023-06-14,0.4076
"1633",2023-06-15,0.4053
"1634",2023-06-16,0.3842
"1635",2023-06-17,0.3935
"1636",2023-06-18,0.3704
"1637",2023-06-19,0.3667
"1638",2023-06-20,0.3553
"1639",2023-06-21,0.3178
"1640",2023-06-22,0.2661
"1641",2023-06-23,0.2402
"1642",2023-06-24,0.2446
"1643",2023-06-25,0.2482
"1644",2023-06-26,0.2411
"1645",2023-06-27,0.2583
"1646",2023-06-28,0.2606
"1647",2023-06-29,0.2701
"1648",2023-06-30,0.2862
